id,crop,state,report_week,growth_stage,pests,diseases,advisories,evidence_count,confidence
754,Arhar Gram,Arunachal Pradesh,27,Active Growth,None Reported,None Reported,Normal operations,1,0.6756
755,Barley,All India,6,Progressive Area Sown,None Reported,None Reported,Normal operations,1,0.758
756,Barley,All States,22,Active Growth,None Reported,None Reported,Normal operations,1,0.7945
757,Barley,Bihar,18,Active Growth,None Reported,None Reported,Normal operations,1,0.9651
758,Barley,Bihar,19,Active Growth,None Reported,None Reported,Normal operations,1,0.9651
759,Barley,Bihar,20,Active Growth,None Reported,None Reported,Normal operations,1,0.9653
760,Barley,Bihar,21,Active Growth,None Reported,None Reported,Normal operations,1,0.8037
761,Barley,Chhattisgarh,18,Active Growth,None Reported,None Reported,Normal operations,1,0.9651
762,Barley,Chhattisgarh,19,Active Growth,None Reported,None Reported,Normal operations,1,0.9651
763,Barley,Chhattisgarh,20,Active Growth,None Reported,None Reported,Normal operations,1,0.9653
764,Barley,Chhattisgarh,21,Active Growth,None Reported,None Reported,Normal operations,1,0.8037
765,Barley,Haryana,19,Active Growth,None Reported,None Reported,Normal operations,1,0.9651
766,Barley,Haryana,20,Active Growth,None Reported,None Reported,Normal operations,1,0.9653
767,Barley,Haryana,21,Active Growth,None Reported,None Reported,Normal operations,1,0.8037
768,Barley,Jowar,17,Active Growth,None Reported,None Reported,Normal operations,1,0.7829
769,Barley,Jowar,18,Active Growth,None Reported,None Reported,Normal operations,1,0.7934
770,Barley,Jowar,19,Active Growth,None Reported,None Reported,Normal operations,1,0.7928
771,Barley,Madhya Pradesh,17,Active Growth,None Reported,None Reported,Normal operations,1,0.9677
772,Barley,Madhya Pradesh,18,Active Growth,None Reported,None Reported,Normal operations,1,0.9651
773,Barley,Madhya Pradesh,19,Active Growth,None Reported,None Reported,Normal operations,1,0.9651
774,Barley,Madhya Pradesh,20,Active Growth,None Reported,None Reported,Normal operations,1,0.9653
775,Barley,Madhya Pradesh,21,Active Growth,None Reported,None Reported,Normal operations,1,0.8037
776,Barley,Maharashtra,17,Active Growth,None Reported,None Reported,Normal operations,1,0.9677
777,Barley,Maharashtra,18,Active Growth,None Reported,None Reported,Normal operations,1,0.9651
778,Barley,Maharashtra,19,Active Growth,None Reported,None Reported,Normal operations,1,0.9651
779,Barley,Maharashtra,20,Active Growth,None Reported,None Reported,Normal operations,1,0.9653
780,Barley,Maharashtra,21,Active Growth,None Reported,None Reported,Normal operations,1,0.8037
781,Barley,Punjab,19,Active Growth,None Reported,None Reported,Normal operations,1,0.9651
782,Barley,Punjab,20,Active Growth,None Reported,None Reported,Normal operations,1,0.9653
783,Barley,Punjab,21,Active Growth,None Reported,None Reported,Normal operations,1,0.8037
784,Barley,Rajasthan,17,Active Growth,None Reported,None Reported,Normal operations,1,0.9677
785,Barley,Rajasthan,18,Active Growth,None Reported,None Reported,Normal operations,1,0.9651
786,Barley,Rajasthan,19,Active Growth,None Reported,None Reported,Normal operations,1,0.9651
787,Barley,Rajasthan,20,Active Growth,None Reported,None Reported,Normal operations,1,0.9653
788,Barley,Rajasthan,21,Active Growth,None Reported,None Reported,Normal operations,1,0.8037
789,Barley,Uttar Pradesh,17,Active Growth,None Reported,None Reported,Normal operations,1,0.9677
790,Barley,Uttar Pradesh,18,Active Growth,None Reported,None Reported,Normal operations,1,0.9651
791,Barley,Uttar Pradesh,19,Active Growth,None Reported,None Reported,Normal operations,1,0.9651
792,Barley,Uttar Pradesh,20,Active Growth,None Reported,None Reported,Normal operations,1,0.9653
793,Barley,Uttar Pradesh,21,Active Growth,None Reported,None Reported,Normal operations,1,0.8037
794,Bengal Gram (Gram/Chickpea),All India,6,Active Growth,None Reported,None Reported,Normal operations,3,0.7281
795,Bengal Gram (Gram/Chickpea),All India,10,Active Growth,None Reported,None Reported,Normal operations,1,0.6584
796,Bengal Gram (Gram/Chickpea),All India,17,Active Growth,None Reported,None Reported,Normal operations,1,0.8753
797,Bengal Gram (Gram/Chickpea),All India,18,Active Growth,None Reported,None Reported,Normal operations,1,0.8779
798,Bengal Gram (Gram/Chickpea),All India,25,Active Growth,None Reported,None Reported,Normal operations,1,1.0
799,Bengal Gram (Gram/Chickpea),All India,28,Active Growth,None Reported,None Reported,Normal operations,1,0.6201
800,Bengal Gram (Gram/Chickpea),All States,19,Active Growth,None Reported,None Reported,Normal operations,1,0.5653
801,Bengal Gram (Gram/Chickpea),All States,20,Active Growth,None Reported,None Reported,Normal operations,1,0.5667
802,Bengal Gram (Gram/Chickpea),All States,22,Active Growth,None Reported,None Reported,Normal operations,1,0.6819
803,Bengal Gram (Gram/Chickpea),Andhra Pradesh,17,Active Growth,None Reported,None Reported,Normal operations,1,0.9596
804,Bengal Gram (Gram/Chickpea),Andhra Pradesh,18,Active Growth,None Reported,None Reported,Normal operations,1,0.9593
805,Bengal Gram (Gram/Chickpea),Chhattisgarh,17,Active Growth,None Reported,None Reported,Normal operations,1,0.9596
806,Bengal Gram (Gram/Chickpea),Chhattisgarh,18,Active Growth,None Reported,None Reported,Normal operations,1,0.9593
807,Bengal Gram (Gram/Chickpea),Gujarat,17,Active Growth,None Reported,None Reported,Normal operations,1,0.9596
808,Bengal Gram (Gram/Chickpea),Gujarat,18,Active Growth,None Reported,None Reported,Normal operations,1,0.9593
809,Bengal Gram (Gram/Chickpea),Karnataka,17,Active Growth,None Reported,None Reported,Normal operations,1,0.9596
810,Bengal Gram (Gram/Chickpea),Karnataka,18,Active Growth,None Reported,None Reported,Normal operations,1,0.9593
811,Bengal Gram (Gram/Chickpea),Madhya Pradesh,17,Active Growth,None Reported,None Reported,Normal operations,1,0.9596
812,Bengal Gram (Gram/Chickpea),Madhya Pradesh,18,Active Growth,None Reported,None Reported,Normal operations,1,0.9593
813,Bengal Gram (Gram/Chickpea),Maharashtra,17,Active Growth,None Reported,None Reported,Normal operations,1,0.9596
814,Bengal Gram (Gram/Chickpea),Maharashtra,18,Active Growth,None Reported,None Reported,Normal operations,1,0.9593
815,Bengal Gram (Gram/Chickpea),Rajasthan,17,Active Growth,None Reported,None Reported,Normal operations,1,0.9596
816,Bengal Gram (Gram/Chickpea),Rajasthan,18,Active Growth,None Reported,None Reported,Normal operations,1,0.9593
817,Bengal Gram (Gram/Chickpea),Telangana,17,Active Growth,None Reported,None Reported,Normal operations,1,0.9596
818,Bengal Gram (Gram/Chickpea),Telangana,18,Active Growth,None Reported,None Reported,Normal operations,1,0.9593
819,Bengal Gram (Gram/Chickpea),Uttar Pradesh,17,Active Growth,None Reported,None Reported,Normal operations,1,0.9596
820,Bengal Gram (Gram/Chickpea),Uttar Pradesh,18,Active Growth,None Reported,None Reported,Normal operations,1,0.9593
821,Bengal Gram (Gram/Chickpea),West Bengal,17,Active Growth,None Reported,None Reported,Normal operations,1,0.9596
822,Bengal Gram (Gram/Chickpea),West Bengal,18,Active Growth,None Reported,None Reported,Normal operations,1,0.9593
823,Black Gram (Urad),All India,10,Active Growth,None Reported,None Reported,Normal operations,1,0.6215
824,Black Gram (Urad),All India,17,Active Growth,None Reported,None Reported,Normal operations,1,0.6647
825,Black Gram (Urad),All India,18,Active Growth,None Reported,None Reported,Normal operations,1,0.6399
826,Black Gram (Urad),All India,19,Active Growth,None Reported,None Reported,Normal operations,1,0.6505
827,Black Gram (Urad),All India,20,Active Growth,None Reported,None Reported,Normal operations,1,0.6418
828,Black Gram (Urad),All India,21,Active Growth,None Reported,None Reported,Normal operations,1,0.6469
829,Black Gram (Urad),All India,22,Active Growth,None Reported,None Reported,Normal operations,1,0.6532
830,Black Gram (Urad),All India,23,Active Growth,None Reported,None Reported,Normal operations,1,0.6614
831,Black Gram (Urad),All India,24,Active Growth,None Reported,None Reported,Normal operations,2,0.8202
832,Black Gram (Urad),All India,25,Active Growth,None Reported,None Reported,Normal operations,2,0.8296
833,Blackgram,All India,10,Active Growth,None Reported,None Reported,Normal operations,1,0.4852
834,Castor,All India,24,Active Growth,None Reported,None Reported,Normal operations,1,0.9299
835,Castor,All India,26,Active Growth,None Reported,None Reported,Normal operations,1,0.9308
836,Castor,All India,27,Active Growth,None Reported,None Reported,Normal operations,1,0.9288
837,Castor,All India,28,Active Growth,None Reported,None Reported,Normal operations,1,0.9259
838,Cereals,All India,22,Active Growth,None Reported,None Reported,Normal operations,1,0.7962
839,Cereals,All India,23,Active Growth,None Reported,None Reported,Normal operations,2,0.6544
840,Cereals,All India,24,Active Growth,None Reported,None Reported,Normal operations,1,0.8931
841,Cereals,All India,25,Active Growth,None Reported,None Reported,Normal operations,1,0.9694
842,Chilli,Nagpur,10,Active Growth,Pest,None Reported,Advisory,1,0.7342
843,Chilli,State,10,Active Growth,Pest,None Reported,Advisory,1,0.7342
844,Coarse Cereals,Jowar,17,Active Growth,None Reported,None Reported,Normal operations,1,0.7829
845,Coarse Cereals,Jowar,18,Active Growth,None Reported,None Reported,Normal operations,1,0.7934
846,Coarse Cereals,Jowar,19,Active Growth,None Reported,None Reported,Normal operations,1,0.7928
847,Commodities,All India,6,Active Growth,None Reported,None Reported,Normal operations,2,0.5865
848,Commodities,All India,10,Active Growth,None Reported,None Reported,Normal operations,1,0.5744
849,Cotton,All India,24,Active Growth,None Reported,None Reported,Normal operations,1,0.821
850,Cotton,All India,26,Active Growth,None Reported,None Reported,Normal operations,1,0.8247
851,Cotton,All India,27,Active Growth,None Reported,None Reported,Normal operations,1,0.8292
852,Cotton,All India,28,Active Growth,None Reported,None Reported,Normal operations,2,0.9313
853,Cotton,Andhra Pradesh,28,Active Growth,None Reported,None Reported,Normal operations,1,0.9285
854,Cotton,Gujarat,28,Active Growth,None Reported,None Reported,Normal operations,1,0.9287
855,Cotton,Haryana,28,Active Growth,None Reported,None Reported,Normal operations,1,0.9282
856,Cotton,Karnataka,28,Active Growth,None Reported,None Reported,Normal operations,1,0.9299
857,Cotton,Madhya Pradesh,28,Active Growth,None Reported,None Reported,Normal operations,1,0.9285
858,Cotton,Maharashtra,28,Active Growth,None Reported,None Reported,Normal operations,1,0.9278
859,Cotton,Odisha,28,Active Growth,None Reported,None Reported,Normal operations,1,0.9289
860,Cotton,Punjab,28,Active Growth,None Reported,None Reported,Normal operations,1,0.9217
861,Cotton,Rajasthan,28,Active Growth,None Reported,None Reported,Normal operations,1,0.9283
862,Cotton,State,28,Active Growth,None Reported,None Reported,Normal operations,2,0.9184
863,Cotton,Tamil Nadu,28,Active Growth,None Reported,None Reported,Normal operations,1,0.93
864,Cotton,Telangana,28,Active Growth,None Reported,None Reported,Normal operations,1,0.9282
865,Crop,All India,23,Active Growth,None Reported,None Reported,Normal operations,1,0.5198
866,Crop Division,All India,21,Active Growth,None Reported,None Reported,Normal operations,1,0.5544
867,Crops,All India,10,Active Growth,None Reported,None Reported,Normal operations,2,0.5641
868,Crops,All India,17,Active Growth,None Reported,None Reported,Normal operations,1,0.4899
869,Crops,All India,18,Active Growth,None Reported,None Reported,Normal operations,1,0.4821
870,Crops,All India,19,Active Growth,None Reported,None Reported,Normal operations,1,0.4799
871,Crops,All India,20,Active Growth,None Reported,None Reported,Normal operations,1,0.4829
872,Crops,All India,21,Active Growth,None Reported,None Reported,Normal operations,1,0.4791
873,Crops,All India,22,Active Growth,None Reported,None Reported,Normal operations,1,0.4844
874,Crops,All India,23,Active Growth,None Reported,None Reported,Normal operations,1,0.4759
875,Crops,All India,24,Active Growth,None Reported,None Reported,Normal operations,1,0.4784
876,Crops,All India,25,Active Growth,None Reported,None Reported,Normal operations,1,0.4879
877,Crops,All India,26,Active Growth,None Reported,None Reported,Normal operations,1,0.4853
878,Doa&Fw,All India,21,Active Growth,None Reported,None Reported,Normal operations,1,0.5544
879,Fieldpea,All India,6,Progressive Area Sown,None Reported,None Reported,Normal operations,1,0.6575
880,Finger Millet (Ragi),All India,6,Active Growth,Ragi,None Reported,Normal operations,1,0.4567
881,Finger Millet (Ragi),All India,10,Active Growth,None Reported,None Reported,Normal operations,2,0.8226
882,Finger Millet (Ragi),All India,17,Active Growth,None Reported,None Reported,Normal operations,1,0.6798
883,Finger Millet (Ragi),All India,18,Active Growth,None Reported,None Reported,Normal operations,1,0.6724
884,Finger Millet (Ragi),All India,19,Active Growth,None Reported,None Reported,Normal operations,1,0.6317
885,Finger Millet (Ragi),All India,21,Active Growth,None Reported,None Reported,Normal operations,1,0.6109
886,Finger Millet (Ragi),All India,22,Active Growth,None Reported,None Reported,Normal operations,1,0.6841
887,Finger Millet (Ragi),All India,23,Active Growth,None Reported,None Reported,Normal operations,1,0.6471
888,Finger Millet (Ragi),All India,24,Active Growth,None Reported,None Reported,Normal operations,2,0.8434
889,Finger Millet (Ragi),All India,25,Active Growth,None Reported,None Reported,Normal operations,2,0.8405
890,Finger Millet (Ragi),All India,26,Active Growth,None Reported,None Reported,Normal operations,1,0.6841
891,General,All India,6,Active Growth,None Reported,None Reported,Normal operations,33,0.9626
892,General,All India,10,Active Growth,None Reported,None Reported,Normal operations,36,0.9874
893,General,All India,17,Active Growth,None Reported,None Reported,Normal operations,8,1.0
894,General,All India,18,Active Growth,None Reported,None Reported,Normal operations,8,1.0
895,General,All India,19,Active Growth,None Reported,None Reported,Normal operations,6,1.0
896,General,All India,20,Active Growth,None Reported,None Reported,Normal operations,6,1.0
897,General,All India,21,Active Growth,None Reported,None Reported,Normal operations,5,1.0
898,General,All India,22,Active Growth,None Reported,None Reported,Normal operations,7,1.0
899,General,All India,23,Active Growth,None Reported,None Reported,Normal operations,23,0.9606
900,General,All India,24,Active Growth,None Reported,None Reported,Normal operations,10,1.0
901,General,All India,25,Active Growth,None Reported,None Reported,Normal operations,12,1.0
902,General,All India,26,Active Growth,None Reported,None Reported,CWC,24,0.9779
903,General,All India,27,Active Growth,None Reported,None Reported,Normal operations,15,0.9701
904,General,All India,28,Active Growth,None Reported,None Reported,Normal operations,8,0.9865
905,General,All States,22,Active Growth,None Reported,None Reported,Normal operations,2,0.7477
906,General,Arunachal Pradesh,18,Active Growth,None Reported,None Reported,Normal operations,1,0.8911
907,General,Arunachal Pradesh,23,Active Growth,None Reported,None Reported,Normal operations,1,0.9862
908,General,Arunachal Pradesh,24,Active Growth,None Reported,None Reported,Normal operations,1,0.9862
909,General,Arunachal Pradesh,25,Active Growth,None Reported,None Reported,Normal operations,1,0.9862
910,General,Arunachal Pradesh,26,Active Growth,None Reported,None Reported,Normal operations,1,0.9862
911,General,Arunachal Pradesh,27,Active Growth,None Reported,None Reported,Normal operations,2,0.9931
912,General,Bay Of Bengal,23,Active Growth,None Reported,None Reported,Normal operations,1,0.6975
913,General,Chandigarh,23,Active Growth,None Reported,None Reported,Normal operations,1,0.9353
914,General,Chandigarh,24,Active Growth,None Reported,None Reported,Normal operations,1,0.9353
915,General,Chandigarh,25,Active Growth,None Reported,None Reported,Normal operations,1,0.9353
916,General,Chandigarh,26,Active Growth,None Reported,None Reported,Normal operations,1,0.9353
917,General,Chandigarh,27,Active Growth,None Reported,None Reported,Normal operations,1,0.9353
918,General,Chhattisgarh,17,Active Growth,None Reported,None Reported,Normal operations,1,0.7986
919,General,Chhattisgarh,18,Active Growth,None Reported,None Reported,Normal operations,1,0.8911
920,General,Coastal Andhra Pradesh,17,Active Growth,None Reported,None Reported,Normal operations,1,0.7986
921,General,Coastal Karnataka,17,Active Growth,None Reported,None Reported,Normal operations,1,0.7986
922,General,Coastal Karnataka,18,Active Growth,None Reported,None Reported,Normal operations,1,0.8911
923,General,East  India,17,Active Growth,None Reported,None Reported,Normal operations,1,0.7986
924,General,Few States,28,Active Growth,None Reported,None Reported,Normal operations,1,0.7035
925,General,Haryana,23,Active Growth,None Reported,None Reported,Normal operations,3,0.8288
926,General,Haryana,24,Active Growth,None Reported,None Reported,Normal operations,3,0.8288
927,General,Haryana,25,Active Growth,None Reported,None Reported,Normal operations,3,0.8288
928,General,Haryana,26,Active Growth,None Reported,None Reported,Normal operations,3,0.8288
929,General,Haryana,27,Active Growth,None Reported,None Reported,Normal operations,1,0.9353
930,General,Himachal Pradesh,23,Active Growth,None Reported,None Reported,Normal operations,1,0.9862
931,General,Himachal Pradesh,24,Active Growth,None Reported,None Reported,Normal operations,1,0.9862
932,General,Himachal Pradesh,25,Active Growth,None Reported,None Reported,Normal operations,1,0.9862
933,General,Himachal Pradesh,26,Active Growth,None Reported,None Reported,Normal operations,1,0.9862
934,General,Himachal Pradesh,27,Active Growth,None Reported,None Reported,Normal operations,1,0.9862
935,General,Jharkhand,18,Active Growth,None Reported,None Reported,Normal operations,1,0.8911
936,General,June,25,Active Growth,None Reported,None Reported,Normal operations,2,0.4722
937,General,Kerala,17,Active Growth,None Reported,None Reported,Normal operations,1,0.7986
938,General,Kerala,18,Active Growth,None Reported,None Reported,Normal operations,1,0.8911
939,General,Konkan-Goa,17,Active Growth,None Reported,None Reported,Normal operations,1,0.7986
940,General,Konkan-Goa,18,Active Growth,None Reported,None Reported,Normal operations,1,0.8911
941,General,Madhya  Maharashtra,6,Active Growth,None Reported,None Reported,Normal operations,1,0.7985
942,General,Madhya  Pradesh,6,Active Growth,None Reported,None Reported,Normal operations,1,0.7985
943,General,Maharashtra,10,Active Growth,None Reported,Gummosis,Advisory,1,0.7413
944,General,Meghalaya,23,Active Growth,None Reported,None Reported,Normal operations,1,0.9862
945,General,Meghalaya,24,Active Growth,None Reported,None Reported,Normal operations,1,0.9862
946,General,Meghalaya,25,Active Growth,None Reported,None Reported,Normal operations,1,0.9862
947,General,Meghalaya,26,Active Growth,None Reported,None Reported,Normal operations,1,0.9862
948,General,Meghalaya,27,Active Growth,None Reported,None Reported,Normal operations,1,0.9862
949,General,Msp,17,Active Growth,None Reported,None Reported,Normal operations,1,0.6989
950,General,Msp,18,Active Growth,None Reported,None Reported,Normal operations,1,0.6989
951,General,Msp,19,Active Growth,None Reported,None Reported,Normal operations,1,0.6989
952,General,Msp,20,Active Growth,None Reported,None Reported,Normal operations,1,0.6989
953,General,Msp,21,Active Growth,None Reported,None Reported,Normal operations,1,0.6989
954,General,Msp,22,Active Growth,None Reported,None Reported,Normal operations,1,0.6989
955,General,Msp,23,Active Growth,None Reported,None Reported,Normal operations,1,0.6989
956,General,Msp,24,Active Growth,None Reported,None Reported,Normal operations,1,0.6989
957,General,Msp,25,Active Growth,None Reported,None Reported,Normal operations,1,0.6989
958,General,Msp,26,Active Growth,None Reported,None Reported,Normal operations,1,0.6989
959,General,Nagaland,23,Active Growth,None Reported,None Reported,Normal operations,1,0.9862
960,General,Nagaland,24,Active Growth,None Reported,None Reported,Normal operations,1,0.9862
961,General,Nagaland,25,Active Growth,None Reported,None Reported,Normal operations,1,0.9862
962,General,Nagaland,26,Active Growth,None Reported,None Reported,Normal operations,1,0.9862
963,General,Nagaland,27,Active Growth,None Reported,None Reported,Normal operations,1,0.9862
964,General,Ne  India,6,Active Growth,None Reported,None Reported,Normal operations,1,0.7985
965,General,Northwest  India,17,Active Growth,None Reported,None Reported,Normal operations,1,0.7986
966,General,Northwest  India,18,Active Growth,None Reported,None Reported,Normal operations,1,0.8911
967,General,Odisha,18,Active Growth,None Reported,None Reported,Normal operations,1,0.8911
968,General,Odisha,19,Active Growth,None Reported,None Reported,Normal operations,1,0.7055
969,General,Punjab,23,Active Growth,None Reported,None Reported,Normal operations,1,0.9353
970,General,Punjab,24,Active Growth,None Reported,None Reported,Normal operations,1,0.9353
971,General,Punjab,25,Active Growth,None Reported,None Reported,Normal operations,1,0.9353
972,General,Punjab,26,Active Growth,None Reported,None Reported,Normal operations,1,0.9353
973,General,Punjab,27,Active Growth,None Reported,None Reported,Normal operations,1,0.9353
974,General,Rajasthan,19,Active Growth,None Reported,None Reported,Normal operations,1,0.7055
975,General,South Karnataka,6,Active Growth,None Reported,None Reported,Normal operations,1,0.7985
976,General,Tamil Nadu,17,Active Growth,None Reported,None Reported,Normal operations,1,0.7986
977,General,Tamil Nadu,18,Active Growth,None Reported,None Reported,Normal operations,1,0.8911
978,General,Western  Rajasthan,23,Active Growth,None Reported,None Reported,Normal operations,1,0.9353
979,General,Western  Rajasthan,24,Active Growth,None Reported,None Reported,Normal operations,1,0.9353
980,General,Western  Rajasthan,25,Active Growth,None Reported,None Reported,Normal operations,1,0.9353
981,General,Western  Rajasthan,26,Active Growth,None Reported,None Reported,Normal operations,1,0.9353
982,General,Western  Rajasthan,27,Active Growth,None Reported,None Reported,Normal operations,1,0.9353
983,Gram Dal,All India,24,Active Growth,None Reported,None Reported,Normal operations,1,0.798
984,Gram Whole,All India,10,Active Growth,None Reported,None Reported,Normal operations,1,0.6554
985,Gram Whole,All India,17,Active Growth,None Reported,None Reported,Normal operations,1,0.6312
986,Gram Whole,All India,18,Active Growth,None Reported,None Reported,Normal operations,1,0.6307
987,Gram Whole,All India,19,Active Growth,None Reported,None Reported,Normal operations,1,0.6442
988,Gram Whole,All India,20,Active Growth,None Reported,None Reported,Normal operations,1,0.6197
989,Gram Whole,All India,21,Active Growth,None Reported,None Reported,Normal operations,1,0.6474
990,Gram Whole,All India,22,Active Growth,None Reported,None Reported,Normal operations,1,0.6397
991,Gram Whole,All India,23,Active Growth,None Reported,None Reported,Normal operations,1,0.6563
992,Gram Whole,All India,24,Active Growth,None Reported,None Reported,Normal operations,1,0.6266
993,Gram Whole,All India,25,Active Growth,None Reported,None Reported,Normal operations,1,0.6521
994,Gram Whole,All India,26,Active Growth,None Reported,None Reported,Normal operations,1,0.65
995,Green Gram (Moong),All India,6,Active Growth,None Reported,None Reported,Normal operations,2,0.615
996,Green Gram (Moong),All India,10,Active Growth,None Reported,None Reported,Normal operations,1,0.6584
997,Green Gram (Moong),All India,17,Active Growth,None Reported,None Reported,Normal operations,2,0.7586
998,Green Gram (Moong),All India,18,Active Growth,None Reported,None Reported,Normal operations,2,0.757
999,Green Gram (Moong),All India,19,Active Growth,None Reported,None Reported,Normal operations,1,0.6382
1000,Green Gram (Moong),All India,20,Active Growth,None Reported,None Reported,Normal operations,1,0.6568
1001,Green Gram (Moong),All India,21,Active Growth,None Reported,None Reported,Normal operations,2,0.7885
1002,Green Gram (Moong),All India,22,Active Growth,None Reported,None Reported,Normal operations,1,0.6528
1003,Green Gram (Moong),All India,23,Active Growth,None Reported,None Reported,Normal operations,1,0.6359
1004,Green Gram (Moong),All India,24,Active Growth,None Reported,None Reported,Normal operations,3,0.8504
1005,Green Gram (Moong),All India,25,Active Growth,None Reported,None Reported,Normal operations,2,0.5689
1006,Green Gram (Moong),All India,26,Active Growth,None Reported,None Reported,Normal operations,2,0.7854
1007,Green Gram (Moong),All India,27,Active Growth,None Reported,None Reported,Normal operations,1,0.9159
1008,Green Gram (Moong),All India,28,Active Growth,None Reported,None Reported,Normal operations,2,0.7353
1009,Green Gram (Moong),All States,19,Active Growth,None Reported,None Reported,Normal operations,1,0.7375
1010,Green Gram (Moong),All States,20,Active Growth,None Reported,None Reported,Normal operations,1,0.7345
1011,Green Gram (Moong),All States,22,Active Growth,None Reported,None Reported,Normal operations,1,0.6746
1012,Green Gram (Moong),Andhra Pradesh,17,Active Growth,None Reported,None Reported,Normal operations,1,0.8298
1013,Green Gram (Moong),Andhra Pradesh,18,Active Growth,None Reported,None Reported,Normal operations,1,0.8394
1014,Green Gram (Moong),Arunachal Pradesh,27,Active Growth,None Reported,None Reported,Normal operations,1,0.6756
1015,Green Gram (Moong),Chhattisgarh,17,Active Growth,None Reported,None Reported,Normal operations,1,0.8298
1016,Green Gram (Moong),Chhattisgarh,18,Active Growth,None Reported,None Reported,Normal operations,1,0.8394
1017,Green Gram (Moong),Tamil Nadu,17,Active Growth,None Reported,None Reported,Normal operations,1,0.8298
1018,Green Gram (Moong),Tamil Nadu,18,Active Growth,None Reported,None Reported,Normal operations,1,0.8394
1019,Greengram,All India,10,Active Growth,None Reported,None Reported,Normal operations,1,0.4927
1020,Groundnut,All India,6,Active Growth,None Reported,None Reported,Normal operations,1,0.8114
1021,Groundnut,All India,10,Active Growth,None Reported,None Reported,Normal operations,1,0.6583
1022,Groundnut,All India,17,Active Growth,None Reported,None Reported,Normal operations,4,0.8226
1023,Groundnut,All India,18,Active Growth,None Reported,None Reported,Normal operations,2,0.7374
1024,Groundnut,All India,19,Active Growth,None Reported,None Reported,Normal operations,6,0.8147
1025,Groundnut,All India,20,Active Growth,None Reported,None Reported,Normal operations,1,0.6803
1026,Groundnut,All India,22,Active Growth,None Reported,None Reported,Normal operations,1,0.6237
1027,Groundnut,All India,23,Active Growth,None Reported,None Reported,Normal operations,2,0.7432
1028,Groundnut,All India,24,Active Growth,None Reported,None Reported,Normal operations,1,0.9511
1029,Groundnut,All India,25,Active Growth,None Reported,None Reported,Normal operations,2,0.8881
1030,Groundnut,All India,26,Active Growth,None Reported,None Reported,Normal operations,2,0.803
1031,Groundnut,All India,27,Active Growth,None Reported,None Reported,Normal operations,1,0.9497
1032,Groundnut,All India,28,Active Growth,None Reported,None Reported,Normal operations,2,0.774
1033,Groundnut,All States,22,Active Growth,None Reported,None Reported,Normal operations,1,0.6895
1034,Groundnut,Andhra Pradesh,17,Active Growth,None Reported,None Reported,Normal operations,2,0.9123
1035,Groundnut,Andhra Pradesh,18,Active Growth,None Reported,None Reported,Normal operations,1,0.8982
1036,Groundnut,Andhra Pradesh,19,Active Growth,None Reported,None Reported,Normal operations,1,0.9089
1037,Groundnut,Andhra Pradesh,20,Active Growth,None Reported,None Reported,Normal operations,1,0.9503
1038,Groundnut,Andhra Pradesh,21,Active Growth,None Reported,None Reported,Normal operations,1,0.8757
1039,Groundnut,Arunachal Pradesh,27,Active Growth,None Reported,None Reported,Normal operations,1,0.6756
1040,Groundnut,Bihar,17,Active Growth,None Reported,None Reported,Normal operations,2,0.8863
1041,Groundnut,Bihar,18,Active Growth,None Reported,None Reported,Normal operations,1,0.8982
1042,Groundnut,Bihar,19,Active Growth,None Reported,None Reported,Normal operations,1,0.9089
1043,Groundnut,Bihar,20,Active Growth,None Reported,None Reported,Normal operations,1,0.9503
1044,Groundnut,Bihar,21,Active Growth,None Reported,None Reported,Normal operations,1,0.8757
1045,Groundnut,Chhattisgarh,17,Active Growth,None Reported,None Reported,Normal operations,1,0.9165
1046,Groundnut,Karnataka,17,Active Growth,None Reported,None Reported,Normal operations,3,0.9139
1047,Groundnut,Karnataka,18,Active Growth,None Reported,None Reported,Normal operations,1,0.8982
1048,Groundnut,Karnataka,19,Active Growth,None Reported,None Reported,Normal operations,1,0.9089
1049,Groundnut,Karnataka,20,Active Growth,None Reported,None Reported,Normal operations,1,0.9503
1050,Groundnut,Karnataka,21,Active Growth,None Reported,None Reported,Normal operations,1,0.8757
1051,Groundnut,Kerala,19,Active Growth,None Reported,None Reported,Normal operations,1,0.9089
1052,Groundnut,Kerala,20,Active Growth,None Reported,None Reported,Normal operations,1,0.9503
1053,Groundnut,Kerala,21,Active Growth,None Reported,None Reported,Normal operations,1,0.8757
1054,Groundnut,Maharashtra,17,Active Growth,None Reported,None Reported,Normal operations,3,0.9164
1055,Groundnut,Odisha,17,Active Growth,None Reported,None Reported,Normal operations,1,0.9165
1056,Groundnut,Odisha,19,Active Growth,None Reported,None Reported,Normal operations,1,0.9089
1057,Groundnut,Odisha,20,Active Growth,None Reported,None Reported,Normal operations,1,0.9503
1058,Groundnut,Odisha,21,Active Growth,None Reported,None Reported,Normal operations,1,0.8757
1059,Groundnut,Odishatelangana,18,Active Growth,None Reported,None Reported,Normal operations,1,0.8982
1060,Groundnut,Tamil Nadu,17,Active Growth,None Reported,None Reported,Normal operations,3,0.9141
1061,Groundnut,Tamil Nadu,18,Active Growth,None Reported,None Reported,Normal operations,1,0.8982
1062,Groundnut,Tamil Nadu,19,Active Growth,None Reported,None Reported,Normal operations,2,0.8777
1063,Groundnut,Tamil Nadu,20,Active Growth,None Reported,None Reported,Normal operations,1,0.9503
1064,Groundnut,Tamil Nadu,21,Active Growth,None Reported,None Reported,Normal operations,1,0.8757
1065,Groundnut,Telangana,17,Active Growth,None Reported,None Reported,Normal operations,3,0.9139
1066,Groundnut,Telangana,19,Active Growth,None Reported,None Reported,Normal operations,2,0.9136
1067,Groundnut,Telangana,20,Active Growth,None Reported,None Reported,Normal operations,1,0.9503
1068,Groundnut,Telangana,21,Active Growth,None Reported,None Reported,Normal operations,1,0.8757
1069,Groundnut,West Bengal,19,Active Growth,None Reported,None Reported,Normal operations,1,0.9089
1070,Groundnut,West Bengal,20,Active Growth,None Reported,None Reported,Normal operations,1,0.9503
1071,Groundnut,West Bengal,21,Active Growth,None Reported,None Reported,Normal operations,1,0.8757
1072,Hatla,Nagpur,10,Active Growth,Pest,None Reported,Advisory,1,0.7342
1073,Hatla,State,10,Active Growth,Pest,None Reported,Advisory,1,0.7342
1074,Horticulture,All India,24,Active Growth,None Reported,None Reported,Normal operations,1,0.8491
1075,Horticulture,All India,25,Active Growth,None Reported,None Reported,Normal operations,1,0.967
1076,Jowar Bajra,All India,6,Active Growth,None Reported,None Reported,Normal operations,1,0.604
1077,Jute & Mesta,All India,24,Active Growth,None Reported,None Reported,Normal operations,1,0.9425
1078,Jute & Mesta,All India,26,Active Growth,None Reported,None Reported,Normal operations,1,0.9439
1079,Jute & Mesta,All India,27,Active Growth,None Reported,None Reported,Normal operations,1,0.9438
1080,Jute & Mesta,All India,28,Active Growth,None Reported,None Reported,Normal operations,1,0.942
1081,Katol,Nagpur,10,Active Growth,Pest,None Reported,Advisory,1,0.7342
1082,Katol,State,10,Active Growth,Pest,None Reported,Advisory,1,0.7342
1083,Kharif,All India,26,Active Growth,None Reported,None Reported,Normal operations,1,0.606
1084,Kharif Crops,All India,24,Active Growth,None Reported,None Reported,Normal operations,28,0.9075
1085,Kharif Crops,All India,26,Active Growth,None Reported,None Reported,Normal operations,28,0.8982
1086,Kharif Crops,All India,27,Active Growth,None Reported,None Reported,Normal operations,28,0.9124
1087,Kharif Crops,All India,28,Active Growth,None Reported,None Reported,Normal operations,28,0.9002
1088,Kharif Oilseeds,All India,28,Active Growth,None Reported,None Reported,Normal operations,2,0.9313
1089,Kharif Oilseeds,Andhra Pradesh,28,Active Growth,None Reported,None Reported,Normal operations,1,0.9285
1090,Kharif Oilseeds,Gujarat,28,Active Growth,None Reported,None Reported,Normal operations,1,0.9287
1091,Kharif Oilseeds,Haryana,28,Active Growth,None Reported,None Reported,Normal operations,1,0.9282
1092,Kharif Oilseeds,Karnataka,28,Active Growth,None Reported,None Reported,Normal operations,1,0.9299
1093,Kharif Oilseeds,Madhya Pradesh,28,Active Growth,None Reported,None Reported,Normal operations,1,0.9285
1094,Kharif Oilseeds,Maharashtra,28,Active Growth,None Reported,None Reported,Normal operations,1,0.9278
1095,Kharif Oilseeds,Odisha,28,Active Growth,None Reported,None Reported,Normal operations,1,0.9289
1096,Kharif Oilseeds,Punjab,28,Active Growth,None Reported,None Reported,Normal operations,1,0.9217
1097,Kharif Oilseeds,Rajasthan,28,Active Growth,None Reported,None Reported,Normal operations,1,0.9283
1098,Kharif Oilseeds,State,28,Active Growth,None Reported,None Reported,Normal operations,2,0.9184
1099,Kharif Oilseeds,Tamil Nadu,28,Active Growth,None Reported,None Reported,Normal operations,1,0.93
1100,Kharif Oilseeds,Telangana,28,Active Growth,None Reported,None Reported,Normal operations,1,0.9282
1101,Kohala,Nagpur,10,Active Growth,Pest,None Reported,Advisory,1,0.7342
1102,Kohala,State,10,Active Growth,Pest,None Reported,Advisory,1,0.7342
1103,Kondhasa,Nagpur,10,Active Growth,Pest,None Reported,Advisory,1,0.7342
1104,Kondhasa,State,10,Active Growth,Pest,None Reported,Advisory,1,0.7342
1105,Kulthi,All India,26,Active Growth,None Reported,None Reported,Normal operations,1,0.8195
1106,Lathyrus,All India,6,Progressive Area Sown,None Reported,None Reported,Normal operations,1,0.6573
1107,Lentil (Masur),All India,6,Progressive Area Sown,None Reported,None Reported,Normal operations,2,0.8796
1108,Lentil (Masur),All India,10,Active Growth,None Reported,None Reported,Normal operations,1,0.6584
1109,Lentil (Masur),All India,17,Active Growth,None Reported,None Reported,Normal operations,1,0.8753
1110,Lentil (Masur),All India,18,Active Growth,None Reported,None Reported,Normal operations,1,0.8779
1111,Lentil (Masur),All India,24,Active Growth,None Reported,None Reported,Normal operations,1,1.0
1112,Lentil (Masur),All India,25,Active Growth,None Reported,None Reported,Normal operations,1,1.0
1113,Lentil (Masur),All States,19,Active Growth,None Reported,None Reported,Normal operations,1,0.805
1114,Lentil (Masur),All States,20,Active Growth,None Reported,None Reported,Normal operations,1,0.802
1115,Lentil (Masur),All States,21,Active Growth,None Reported,None Reported,Normal operations,1,0.7321
1116,Lentil (Masur),All States,22,Active Growth,None Reported,None Reported,Normal operations,1,0.7939
1117,Lentil (Masur),Assam,17,Active Growth,None Reported,None Reported,Normal operations,1,0.9602
1118,Lentil (Masur),Assam,18,Active Growth,None Reported,None Reported,Normal operations,1,0.9599
1119,Lentil (Masur),Bihar,17,Active Growth,None Reported,None Reported,Normal operations,1,0.9602
1120,Lentil (Masur),Bihar,18,Active Growth,None Reported,None Reported,Normal operations,1,0.9599
1121,Lentil (Masur),Chhattisgarh,17,Active Growth,None Reported,None Reported,Normal operations,1,0.9602
1122,Lentil (Masur),Chhattisgarh,18,Active Growth,None Reported,None Reported,Normal operations,1,0.9599
1123,Lentil (Masur),Madhya Pradesh,17,Active Growth,None Reported,None Reported,Normal operations,1,0.9602
1124,Lentil (Masur),Madhya Pradesh,18,Active Growth,None Reported,None Reported,Normal operations,1,0.9599
1125,Lentil (Masur),Uttar Pradesh,17,Active Growth,None Reported,None Reported,Normal operations,1,0.9602
1126,Lentil (Masur),Uttar Pradesh,18,Active Growth,None Reported,None Reported,Normal operations,1,0.9599
1127,Lentil (Masur),West Bengal,17,Active Growth,None Reported,None Reported,Normal operations,1,0.9602
1128,Lentil (Masur),West Bengal,18,Active Growth,None Reported,None Reported,Normal operations,1,0.9599
1129,Linseed,All India,17,Active Growth,None Reported,None Reported,Normal operations,3,0.8682
1130,Linseed,All India,18,Active Growth,None Reported,None Reported,Normal operations,1,0.8122
1131,Linseed,All India,19,Active Growth,None Reported,None Reported,Normal operations,5,0.8491
1132,Linseed,All India,21,Active Growth,None Reported,None Reported,Normal operations,1,0.9449
1133,Linseed,All States,20,Active Growth,None Reported,None Reported,Normal operations,1,0.7167
1134,Linseed,Andhra Pradesh,17,Active Growth,None Reported,None Reported,Normal operations,2,0.9123
1135,Linseed,Andhra Pradesh,19,Active Growth,None Reported,None Reported,Normal operations,1,0.9089
1136,Linseed,Bihar,17,Active Growth,None Reported,None Reported,Normal operations,2,0.8863
1137,Linseed,Bihar,18,Active Growth,None Reported,None Reported,Normal operations,1,0.7648
1138,Linseed,Bihar,19,Active Growth,None Reported,None Reported,Normal operations,1,0.9089
1139,Linseed,Chhattisgarh,17,Active Growth,None Reported,None Reported,Normal operations,1,0.9165
1140,Linseed,Karnataka,17,Active Growth,None Reported,None Reported,Normal operations,3,0.9139
1141,Linseed,Karnataka,19,Active Growth,None Reported,None Reported,Normal operations,1,0.9089
1142,Linseed,Kerala,19,Active Growth,None Reported,None Reported,Normal operations,1,0.9089
1143,Linseed,Maharashtra,17,Active Growth,None Reported,None Reported,Normal operations,3,0.9164
1144,Linseed,Odisha,17,Active Growth,None Reported,None Reported,Normal operations,1,0.9165
1145,Linseed,Odisha,19,Active Growth,None Reported,None Reported,Normal operations,1,0.9089
1146,Linseed,Tamil Nadu,17,Active Growth,None Reported,None Reported,Normal operations,3,0.9141
1147,Linseed,Tamil Nadu,19,Active Growth,None Reported,None Reported,Normal operations,2,0.8777
1148,Linseed,Telangana,17,Active Growth,None Reported,None Reported,Normal operations,3,0.9139
1149,Linseed,Telangana,19,Active Growth,None Reported,None Reported,Normal operations,2,0.9136
1150,Linseed,West Bengal,19,Active Growth,None Reported,None Reported,Normal operations,1,0.9089
1151,Maize,All India,6,Active Growth,None Reported,None Reported,Normal operations,2,0.7915
1152,Maize,All India,10,Active Growth,None Reported,None Reported,Normal operations,3,0.668
1153,Maize,All India,17,Active Growth,None Reported,None Reported,Normal operations,2,0.8205
1154,Maize,All India,18,Active Growth,None Reported,None Reported,Normal operations,2,0.7077
1155,Maize,All India,19,Active Growth,None Reported,None Reported,Normal operations,2,0.8068
1156,Maize,All India,20,Active Growth,None Reported,None Reported,Normal operations,2,0.8151
1157,Maize,All India,21,Active Growth,None Reported,None Reported,Normal operations,2,0.7591
1158,Maize,All India,22,Active Growth,None Reported,None Reported,Normal operations,2,0.7688
1159,Maize,All India,23,Active Growth,None Reported,None Reported,Normal operations,2,0.7229
1160,Maize,All India,24,Active Growth,None Reported,None Reported,Normal operations,2,0.7122
1161,Maize,All India,25,Active Growth,None Reported,None Reported,Normal operations,2,0.7653
1162,Maize,All India,26,Active Growth,None Reported,None Reported,Normal operations,2,0.7126
1163,Maize,All India,27,Active Growth,None Reported,None Reported,Normal operations,1,0.7376
1164,Maize,All India,28,Active Growth,None Reported,None Reported,Normal operations,2,0.7197
1165,Maize,All States,22,Active Growth,None Reported,None Reported,Normal operations,1,0.7768
1166,Maize,Andhra Pradesh,17,Active Growth,None Reported,None Reported,Normal operations,1,0.9673
1167,Maize,Andhra Pradesh,18,Active Growth,None Reported,None Reported,Normal operations,1,0.9613
1168,Maize,Andhra Pradesh,19,Active Growth,None Reported,None Reported,Normal operations,1,0.9485
1169,Maize,Andhra Pradesh,20,Active Growth,None Reported,None Reported,Normal operations,1,0.9452
1170,Maize,Andhra Pradesh,21,Active Growth,None Reported,None Reported,Normal operations,1,0.8343
1171,Maize,Bihar,17,Active Growth,None Reported,None Reported,Normal operations,1,0.9673
1172,Maize,Bihar,18,Active Growth,None Reported,None Reported,Normal operations,1,0.9613
1173,Maize,Bihar,19,Active Growth,None Reported,None Reported,Normal operations,1,0.9485
1174,Maize,Bihar,20,Active Growth,None Reported,None Reported,Normal operations,1,0.9452
1175,Maize,Bihar,21,Active Growth,None Reported,None Reported,Normal operations,1,0.8343
1176,Maize,Chhattisgarh,18,Active Growth,None Reported,None Reported,Normal operations,1,0.9613
1177,Maize,Chhattisgarh,19,Active Growth,None Reported,None Reported,Normal operations,1,0.9485
1178,Maize,Chhattisgarh,20,Active Growth,None Reported,None Reported,Normal operations,1,0.9452
1179,Maize,Chhattisgarh,21,Active Growth,None Reported,None Reported,Normal operations,1,0.8343
1180,Maize,Gujarat,17,Active Growth,None Reported,None Reported,Normal operations,1,0.9673
1181,Maize,Gujarat,18,Active Growth,None Reported,None Reported,Normal operations,1,0.9613
1182,Maize,Gujarat,19,Active Growth,None Reported,None Reported,Normal operations,1,0.9485
1183,Maize,Gujarat,20,Active Growth,None Reported,None Reported,Normal operations,1,0.9452
1184,Maize,Gujarat,21,Active Growth,None Reported,None Reported,Normal operations,1,0.8343
1185,Maize,Jowar,17,Active Growth,None Reported,None Reported,Normal operations,1,0.7829
1186,Maize,Jowar,18,Active Growth,None Reported,None Reported,Normal operations,1,0.7934
1187,Maize,Jowar,19,Active Growth,None Reported,None Reported,Normal operations,1,0.7928
1188,Maize,Karnataka,17,Active Growth,None Reported,None Reported,Normal operations,1,0.9673
1189,Maize,Karnataka,18,Active Growth,None Reported,None Reported,Normal operations,1,0.9613
1190,Maize,Karnataka,19,Active Growth,None Reported,None Reported,Normal operations,1,0.9485
1191,Maize,Karnataka,20,Active Growth,None Reported,None Reported,Normal operations,1,0.9452
1192,Maize,Karnataka,21,Active Growth,None Reported,None Reported,Normal operations,1,0.8343
1193,Maize,Maharashtra,17,Active Growth,None Reported,None Reported,Normal operations,1,0.9673
1194,Maize,Maharashtra,18,Active Growth,None Reported,None Reported,Normal operations,1,0.9613
1195,Maize,Maharashtra,19,Active Growth,None Reported,None Reported,Normal operations,1,0.9485
1196,Maize,Maharashtra,20,Active Growth,None Reported,None Reported,Normal operations,1,0.9452
1197,Maize,Maharashtra,21,Active Growth,None Reported,None Reported,Normal operations,1,0.8343
1198,Maize,Tamil Nadu,17,Active Growth,None Reported,None Reported,Normal operations,1,0.9673
1199,Maize,Tamil Nadu,20,Active Growth,None Reported,None Reported,Normal operations,1,0.9452
1200,Maize,Tamilnadu,18,Active Growth,None Reported,None Reported,Normal operations,1,0.9613
1201,Maize,Tamilnadu,19,Active Growth,None Reported,None Reported,Normal operations,1,0.9485
1202,Maize,Tamilnadu,21,Active Growth,None Reported,None Reported,Normal operations,1,0.8343
1203,Maize,Telangana,17,Active Growth,None Reported,None Reported,Normal operations,1,0.9673
1204,Maize,Telangana,18,Active Growth,None Reported,None Reported,Normal operations,1,0.9613
1205,Maize,Uttar Pradesh,20,Active Growth,None Reported,None Reported,Normal operations,1,0.9452
1206,Maize,Uttarpradesh,19,Active Growth,None Reported,None Reported,Normal operations,1,0.9485
1207,Maize,Uttarpradesh,21,Active Growth,None Reported,None Reported,Normal operations,1,0.8343
1208,Maize,West Bengal,17,Active Growth,None Reported,None Reported,Normal operations,1,0.9673
1209,Maize Tur (Arhar),All India,6,Active Growth,None Reported,None Reported,Normal operations,1,0.6626
1210,Mandi,All India,6,Active Growth,None Reported,None Reported,Normal operations,3,0.629
1211,Mandi,All India,10,Active Growth,None Reported,None Reported,Normal operations,7,0.6106
1212,Mandi,All India,17,Active Growth,None Reported,None Reported,Normal operations,8,0.6322
1213,Mandi,All India,18,Active Growth,None Reported,None Reported,Normal operations,8,0.6215
1214,Mandi,All India,19,Active Growth,None Reported,None Reported,Normal operations,6,0.6161
1215,Mandi,All India,20,Active Growth,None Reported,None Reported,Normal operations,6,0.6305
1216,Mandi,All India,21,Active Growth,None Reported,None Reported,Normal operations,7,0.6056
1217,Mandi,All India,22,Active Growth,None Reported,None Reported,Normal operations,6,0.6238
1218,Mandi,All India,23,Active Growth,None Reported,None Reported,Normal operations,8,0.6195
1219,Mandi,All India,24,Active Growth,None Reported,None Reported,Normal operations,6,0.6283
1220,Mandi,All India,25,Active Growth,None Reported,None Reported,Normal operations,6,0.6274
1221,Mandi,All India,26,Active Growth,None Reported,None Reported,Normal operations,6,0.6252
1222,Mandi,All India,28,Active Growth,None Reported,None Reported,Normal operations,4,0.5969
1223,Masur Whole,All India,10,Active Growth,None Reported,None Reported,Normal operations,1,0.6617
1224,Millets,All India,24,Active Growth,None Reported,None Reported,Normal operations,1,0.9729
1225,Millets,All India,25,Active Growth,None Reported,None Reported,Normal operations,1,0.9794
1226,Moong Whole,All India,10,Active Growth,None Reported,None Reported,Normal operations,1,0.5926
1227,Mop,All India,23,Active Growth,None Reported,None Reported,Normal operations,1,0.6205
1228,Mop,All India,26,Active Growth,None Reported,None Reported,Normal operations,1,0.5517
1229,Mop,All India,27,Active Growth,None Reported,None Reported,Normal operations,1,0.6248
1230,Mop,June,25,Active Growth,None Reported,None Reported,Normal operations,1,0.5486
1231,Mustard,All India,10,Active Growth,None Reported,None Reported,Normal operations,2,0.6891
1232,Mustard,All India,19,Active Growth,None Reported,None Reported,Normal operations,1,0.8412
1233,Mustard,All India,25,Active Growth,None Reported,None Reported,Normal operations,2,0.9158
1234,Mustard,All States,22,Active Growth,None Reported,None Reported,Normal operations,1,0.7255
1235,Mustard,Andhra Pradesh,17,Active Growth,None Reported,None Reported,Normal operations,1,0.9088
1236,Mustard,Andhra Pradesh,19,Active Growth,None Reported,None Reported,Normal operations,1,0.9089
1237,Mustard,Bihar,17,Active Growth,None Reported,None Reported,Normal operations,2,0.8863
1238,Mustard,Bihar,19,Active Growth,None Reported,None Reported,Normal operations,1,0.9089
1239,Mustard,Karnataka,17,Active Growth,None Reported,None Reported,Normal operations,1,0.9088
1240,Mustard,Karnataka,19,Active Growth,None Reported,None Reported,Normal operations,1,0.9089
1241,Mustard,Kerala,19,Active Growth,None Reported,None Reported,Normal operations,1,0.9089
1242,Mustard,Odisha,19,Active Growth,None Reported,None Reported,Normal operations,1,0.9089
1243,Mustard,Tamil Nadu,17,Active Growth,None Reported,None Reported,Normal operations,1,0.9088
1244,Mustard,Tamil Nadu,19,Active Growth,None Reported,None Reported,Normal operations,1,0.9089
1245,Mustard,Telangana,17,Active Growth,None Reported,None Reported,Normal operations,1,0.9088
1246,Mustard,Telangana,19,Active Growth,None Reported,None Reported,Normal operations,1,0.9089
1247,Mustard,West Bengal,19,Active Growth,None Reported,None Reported,Normal operations,1,0.9089
1248,Mustard Oil,All India,6,Active Growth,None Reported,None Reported,Normal operations,1,0.5155
1249,Mustard Oil,All India,24,Active Growth,None Reported,None Reported,Normal operations,1,0.7108
1250,Mustard Soyabean,All India,6,Active Growth,None Reported,None Reported,Normal operations,1,0.6626
1251,Oil Seeds,All India,25,Active Growth,None Reported,None Reported,Normal operations,1,0.9477
1252,Oilseeds,All India,6,Active Growth,None Reported,None Reported,Normal operations,8,0.8128
1253,Oilseeds,All India,10,Active Growth,None Reported,None Reported,Normal operations,1,0.7395
1254,Oilseeds,All India,18,Active Growth,None Reported,None Reported,Normal operations,1,0.8122
1255,Oilseeds,All India,19,Active Growth,None Reported,None Reported,Normal operations,2,0.8393
1256,Oilseeds,All India,20,Active Growth,None Reported,None Reported,Normal operations,2,0.8684
1257,Oilseeds,All India,21,Active Growth,None Reported,None Reported,Normal operations,1,0.9031
1258,Oilseeds,All India,22,Active Growth,None Reported,None Reported,Normal operations,1,0.8477
1259,Oilseeds,All India,24,Active Growth,None Reported,None Reported,Normal operations,1,0.9362
1260,Oilseeds,All India,26,Active Growth,None Reported,None Reported,Normal operations,1,0.9381
1261,Oilseeds,All India,27,Active Growth,None Reported,None Reported,Normal operations,1,0.9368
1262,Oilseeds,All India,28,Active Growth,None Reported,None Reported,Normal operations,1,0.9401
1263,Oilseeds,Tamil Nadu,19,Active Growth,None Reported,None Reported,Normal operations,1,0.8464
1264,Oli,Nagpur,10,Active Growth,Pest,None Reported,Advisory,1,0.7342
1265,Oli,State,10,Active Growth,Pest,None Reported,Advisory,1,0.7342
1266,Onion,All India,6,Active Growth,None Reported,None Reported,Normal operations,1,0.5685
1267,Onion,All India,24,Active Growth,None Reported,None Reported,Normal operations,1,0.9509
1268,Onion,All India,25,Active Growth,None Reported,None Reported,Normal operations,1,0.9473
1269,Other Oilseeds,All India,10,Active Growth,None Reported,None Reported,Normal operations,1,0.7054
1270,Other Oilseeds,All India,18,Active Growth,None Reported,None Reported,Normal operations,1,0.665
1271,Other Oilseeds,All India,19,Active Growth,None Reported,None Reported,Normal operations,1,0.7152
1272,Other Oilseeds,All India,20,Active Growth,None Reported,None Reported,Normal operations,2,0.6422
1273,Other Oilseeds,All India,21,Active Growth,None Reported,None Reported,Normal operations,1,0.8963
1274,Other Oilseeds,All India,24,Active Growth,None Reported,None Reported,Normal operations,1,0.9173
1275,Other Oilseeds,All India,27,Active Growth,None Reported,None Reported,Normal operations,1,0.9159
1276,Other Oilseeds,All India,28,Active Growth,None Reported,None Reported,Normal operations,1,0.9162
1277,Other Oilseeds,All States,22,Active Growth,None Reported,None Reported,Normal operations,1,0.7637
1278,Other Pulses,All India,17,Active Growth,None Reported,None Reported,Normal operations,1,0.8231
1279,Other Pulses,All India,18,Active Growth,None Reported,None Reported,Normal operations,1,0.8313
1280,Other Pulses,All India,19,Active Growth,None Reported,None Reported,Normal operations,1,0.8856
1281,Other Pulses,All India,20,Active Growth,None Reported,None Reported,Normal operations,1,0.8849
1282,Other Pulses,All India,24,Active Growth,None Reported,None Reported,Normal operations,1,0.9281
1283,Other Pulses,All India,26,Active Growth,None Reported,None Reported,Normal operations,2,0.8748
1284,Other Pulses,All India,27,Active Growth,None Reported,None Reported,Normal operations,1,0.929
1285,Other Pulses,All India,28,Active Growth,None Reported,None Reported,Normal operations,1,0.9289
1286,Other Pulses,All States,19,Active Growth,None Reported,None Reported,Normal operations,1,0.7571
1287,Other Pulses,All States,20,Active Growth,None Reported,None Reported,Normal operations,1,0.7534
1288,Other Pulses,All States,22,Active Growth,None Reported,None Reported,Normal operations,1,0.7525
1289,Paddy (Common),All India,25,Active Growth,None Reported,None Reported,Normal operations,1,0.8179
1290,Pearl Millet (Bajra),All India,6,Active Growth,None Reported,None Reported,Normal operations,2,0.635
1291,Pearl Millet (Bajra),All India,10,Active Growth,None Reported,None Reported,Normal operations,3,0.7635
1292,Pearl Millet (Bajra),All India,17,Active Growth,None Reported,None Reported,Normal operations,1,0.6343
1293,Pearl Millet (Bajra),All India,18,Active Growth,None Reported,None Reported,Normal operations,1,0.6354
1294,Pearl Millet (Bajra),All India,19,Active Growth,None Reported,None Reported,Normal operations,1,0.6322
1295,Pearl Millet (Bajra),All India,20,Active Growth,None Reported,None Reported,Normal operations,1,0.6462
1296,Pearl Millet (Bajra),All India,21,Active Growth,None Reported,None Reported,Normal operations,1,0.5919
1297,Pearl Millet (Bajra),All India,22,Active Growth,None Reported,None Reported,Normal operations,1,0.6386
1298,Pearl Millet (Bajra),All India,23,Active Growth,None Reported,None Reported,Normal operations,2,0.7789
1299,Pearl Millet (Bajra),All India,24,Active Growth,None Reported,None Reported,Normal operations,3,0.8546
1300,Pearl Millet (Bajra),All India,25,Active Growth,None Reported,None Reported,Normal operations,2,0.7978
1301,Pearl Millet (Bajra),All India,26,Active Growth,None Reported,None Reported,Normal operations,2,0.7947
1302,Pearl Millet (Bajra),All India,27,Active Growth,None Reported,None Reported,Normal operations,1,0.9702
1303,Pearl Millet (Bajra),All India,28,Active Growth,None Reported,None Reported,Normal operations,2,0.7947
1304,Pearl Millet (Bajra),Arunachal Pradesh,27,Active Growth,None Reported,None Reported,Normal operations,1,0.6756
1305,Pigeonpea (Arhar),All India,10,Active Growth,None Reported,None Reported,Normal operations,1,0.6674
1306,Pigeonpea (Arhar),All India,17,Active Growth,None Reported,None Reported,Normal operations,1,0.6529
1307,Pigeonpea (Arhar),All India,18,Active Growth,None Reported,None Reported,Normal operations,1,0.6845
1308,Pigeonpea (Arhar),All India,19,Active Growth,None Reported,None Reported,Normal operations,1,0.6541
1309,Pigeonpea (Arhar),All India,20,Active Growth,None Reported,None Reported,Normal operations,1,0.6906
1310,Pigeonpea (Arhar),All India,21,Active Growth,None Reported,None Reported,Normal operations,1,0.6524
1311,Pigeonpea (Arhar),All India,22,Active Growth,None Reported,None Reported,Normal operations,1,0.6444
1312,Pigeonpea (Arhar),All India,23,Active Growth,None Reported,None Reported,Normal operations,1,0.6778
1313,Pigeonpea (Arhar),All India,24,Active Growth,None Reported,None Reported,Normal operations,2,0.6434
1314,Pigeonpea (Arhar),All India,25,Active Growth,None Reported,None Reported,Normal operations,2,0.8277
1315,Pigeonpea (Arhar),All India,26,Active Growth,None Reported,None Reported,Normal operations,1,0.64
1316,Potato,All India,6,Active Growth,None Reported,None Reported,Normal operations,1,0.6386
1317,Potato,All India,24,Active Growth,None Reported,None Reported,Normal operations,1,0.9262
1318,Potato,All India,25,Active Growth,None Reported,None Reported,Normal operations,1,0.9241
1319,Pulses,All India,6,Progressive Area Sown,None Reported,None Reported,Normal operations,3,0.7219
1320,Pulses,All India,10,Active Growth,None Reported,None Reported,Normal operations,2,0.8661
1321,Pulses,All India,17,Active Growth,None Reported,None Reported,Normal operations,2,0.8887
1322,Pulses,All India,18,Active Growth,None Reported,None Reported,Normal operations,2,0.8711
1323,Pulses,All India,19,Active Growth,None Reported,None Reported,Normal operations,1,0.8943
1324,Pulses,All India,20,Active Growth,None Reported,None Reported,Normal operations,2,0.8696
1325,Pulses,All India,21,Active Growth,None Reported,None Reported,Normal operations,2,0.858
1326,Pulses,All India,22,Active Growth,None Reported,None Reported,Normal operations,2,0.8458
1327,Pulses,All India,24,Active Growth,None Reported,None Reported,Normal operations,2,0.8868
1328,Pulses,All India,25,Active Growth,None Reported,None Reported,Normal operations,1,0.9583
1329,Pulses,All India,26,Active Growth,None Reported,None Reported,Normal operations,1,0.9297
1330,Pulses,All India,27,Active Growth,None Reported,None Reported,Normal operations,1,0.9286
1331,Pulses,All India,28,Active Growth,None Reported,None Reported,Normal operations,1,0.9278
1332,Pulses,All States,19,Active Growth,None Reported,None Reported,Normal operations,1,0.7692
1333,Rabi,All India,6,Active Growth,None Reported,None Reported,Normal operations,7,0.6237
1334,Rabi 2025-26,All India,6,Active Growth,None Reported,None Reported,Normal operations,6,0.6338
1335,Rabi Crops,All India,6,Active Growth,None Reported,None Reported,Normal operations,1,0.6641
1336,Rabi Crops,All India,17,Active Growth,None Reported,None Reported,Normal operations,11,0.9035
1337,Rabi Crops,All India,18,Active Growth,None Reported,None Reported,Normal operations,12,0.8706
1338,Rabi Crops,All India,19,Active Growth,None Reported,None Reported,Normal operations,9,0.8984
1339,Rabi Crops,All India,20,Active Growth,None Reported,None Reported,Normal operations,12,0.8292
1340,Rabi Crops,All India,21,Active Growth,None Reported,None Reported,Normal operations,18,0.894
1341,Rabi Crops,All India,22,Active Growth,None Reported,None Reported,Normal operations,11,0.8805
1342,Rabi Crops,All India,23,Active Growth,None Reported,None Reported,Normal operations,11,0.6469
1343,Rabi Crops,All States,20,Active Growth,None Reported,None Reported,Normal operations,1,0.6496
1344,Rabi Crops,All States,21,Active Growth,None Reported,None Reported,Normal operations,5,0.8924
1345,Rabi Crops,Andhra Pradesh,17,Active Growth,None Reported,None Reported,Normal operations,1,0.9029
1346,Rabi Crops,Andhra Pradesh,18,Active Growth,None Reported,None Reported,Normal operations,3,0.9062
1347,Rabi Crops,Andhra Pradesh,19,Active Growth,None Reported,None Reported,Normal operations,1,0.8988
1348,Rabi Crops,Andhra Pradesh,20,Active Growth,None Reported,None Reported,Normal operations,1,0.8989
1349,Rabi Crops,Andhra Pradesh,21,Active Growth,None Reported,None Reported,Normal operations,3,0.8905
1350,Rabi Crops,Bihar,18,Active Growth,None Reported,None Reported,Normal operations,2,0.8263
1351,Rabi Crops,Bihar,21,Active Growth,None Reported,None Reported,Normal operations,3,0.8379
1352,Rabi Crops,Chhattisgarh,18,Active Growth,None Reported,None Reported,Normal operations,1,0.9323
1353,Rabi Crops,Chhattisgarh,21,Active Growth,None Reported,None Reported,Normal operations,2,0.819
1354,Rabi Crops,Gujarat,17,Active Growth,None Reported,None Reported,Normal operations,1,0.9029
1355,Rabi Crops,Gujarat,18,Active Growth,None Reported,None Reported,Normal operations,1,0.8986
1356,Rabi Crops,Gujarat,19,Active Growth,None Reported,None Reported,Normal operations,1,0.8988
1357,Rabi Crops,Gujarat,20,Active Growth,None Reported,None Reported,Normal operations,1,0.8989
1358,Rabi Crops,Gujarat,21,Active Growth,None Reported,None Reported,Normal operations,2,0.8979
1359,Rabi Crops,Haryana,21,Active Growth,None Reported,None Reported,Normal operations,1,0.8037
1360,Rabi Crops,Jharkhand,18,Active Growth,None Reported,None Reported,Normal operations,1,0.8878
1361,Rabi Crops,Karnataka,17,Active Growth,None Reported,None Reported,Normal operations,1,0.9029
1362,Rabi Crops,Karnataka,18,Active Growth,None Reported,None Reported,Normal operations,3,0.9062
1363,Rabi Crops,Karnataka,19,Active Growth,None Reported,None Reported,Normal operations,1,0.8988
1364,Rabi Crops,Karnataka,20,Active Growth,None Reported,None Reported,Normal operations,1,0.8989
1365,Rabi Crops,Karnataka,21,Active Growth,None Reported,None Reported,Normal operations,3,0.8905
1366,Rabi Crops,Kerala,21,Active Growth,None Reported,None Reported,Normal operations,1,0.8757
1367,Rabi Crops,Madhya Pradesh,18,Active Growth,None Reported,None Reported,Normal operations,1,0.9323
1368,Rabi Crops,Madhya Pradesh,21,Active Growth,None Reported,None Reported,Normal operations,1,0.8037
1369,Rabi Crops,Maharashtra,17,Active Growth,None Reported,None Reported,Normal operations,1,0.9029
1370,Rabi Crops,Maharashtra,18,Active Growth,None Reported,None Reported,Normal operations,1,0.8986
1371,Rabi Crops,Maharashtra,19,Active Growth,None Reported,None Reported,Normal operations,1,0.8988
1372,Rabi Crops,Maharashtra,20,Active Growth,None Reported,None Reported,Normal operations,1,0.8989
1373,Rabi Crops,Maharashtra,21,Active Growth,None Reported,None Reported,Normal operations,3,0.8665
1374,Rabi Crops,Meghalaya,18,Active Growth,None Reported,None Reported,Normal operations,1,0.9323
1375,Rabi Crops,Odisha,18,Active Growth,None Reported,None Reported,Normal operations,1,0.9323
1376,Rabi Crops,Odisha,21,Active Growth,None Reported,None Reported,Normal operations,1,0.8757
1377,Rabi Crops,Punjab,21,Active Growth,None Reported,None Reported,Normal operations,1,0.8037
1378,Rabi Crops,Rajasthan,21,Active Growth,None Reported,None Reported,Normal operations,1,0.8037
1379,Rabi Crops,Tamil Nadu,17,Active Growth,None Reported,None Reported,Normal operations,1,0.9029
1380,Rabi Crops,Tamil Nadu,18,Active Growth,None Reported,None Reported,Normal operations,2,0.9154
1381,Rabi Crops,Tamil Nadu,19,Active Growth,None Reported,None Reported,Normal operations,1,0.8988
1382,Rabi Crops,Tamil Nadu,20,Active Growth,None Reported,None Reported,Normal operations,2,0.8113
1383,Rabi Crops,Tamil Nadu,21,Active Growth,None Reported,None Reported,Normal operations,3,0.9239
1384,Rabi Crops,Tamilnadu,18,Active Growth,None Reported,None Reported,Normal operations,1,0.8878
1385,Rabi Crops,Tamilnadu,21,Active Growth,None Reported,None Reported,Normal operations,1,0.8343
1386,Rabi Crops,Telangana,17,Active Growth,None Reported,None Reported,Normal operations,1,0.9029
1387,Rabi Crops,Telangana,18,Active Growth,None Reported,None Reported,Normal operations,2,0.9154
1388,Rabi Crops,Telangana,19,Active Growth,None Reported,None Reported,Normal operations,1,0.8988
1389,Rabi Crops,Telangana,20,Active Growth,None Reported,None Reported,Normal operations,1,0.8989
1390,Rabi Crops,Telangana,21,Active Growth,None Reported,None Reported,Normal operations,3,0.9264
1391,Rabi Crops,Uttar Pradesh,21,Active Growth,None Reported,None Reported,Normal operations,1,0.8037
1392,Rabi Crops,Uttarpradesh,21,Active Growth,None Reported,None Reported,Normal operations,1,0.8343
1393,Rabi Crops,West Bengal,18,Active Growth,None Reported,None Reported,Normal operations,2,0.9101
1394,Rabi Crops,West Bengal,21,Active Growth,None Reported,None Reported,Normal operations,1,0.8757
1395,Rapeseed,All India,19,Active Growth,None Reported,None Reported,Normal operations,1,0.8412
1396,Rapeseed,Andhra Pradesh,17,Active Growth,None Reported,None Reported,Normal operations,1,0.9088
1397,Rapeseed,Andhra Pradesh,19,Active Growth,None Reported,None Reported,Normal operations,1,0.9089
1398,Rapeseed,Bihar,17,Active Growth,None Reported,None Reported,Normal operations,2,0.8863
1399,Rapeseed,Bihar,19,Active Growth,None Reported,None Reported,Normal operations,1,0.9089
1400,Rapeseed,Karnataka,17,Active Growth,None Reported,None Reported,Normal operations,1,0.9088
1401,Rapeseed,Karnataka,19,Active Growth,None Reported,None Reported,Normal operations,1,0.9089
1402,Rapeseed,Kerala,19,Active Growth,None Reported,None Reported,Normal operations,1,0.9089
1403,Rapeseed,Odisha,19,Active Growth,None Reported,None Reported,Normal operations,1,0.9089
1404,Rapeseed,Tamil Nadu,17,Active Growth,None Reported,None Reported,Normal operations,1,0.9088
1405,Rapeseed,Tamil Nadu,19,Active Growth,None Reported,None Reported,Normal operations,1,0.9089
1406,Rapeseed,Telangana,17,Active Growth,None Reported,None Reported,Normal operations,1,0.9088
1407,Rapeseed,Telangana,19,Active Growth,None Reported,None Reported,Normal operations,1,0.9089
1408,Rapeseed,West Bengal,19,Active Growth,None Reported,None Reported,Normal operations,1,0.9089
1409,Rapeseed & Mustard,All India,17,Active Growth,None Reported,None Reported,Normal operations,2,0.8792
1410,Rapeseed & Mustard,All India,19,Active Growth,None Reported,None Reported,Normal operations,3,0.8531
1411,Rapeseed & Mustard,All States,18,Active Growth,None Reported,None Reported,Normal operations,1,0.7469
1412,Rapeseed & Mustard,All States,20,Active Growth,None Reported,None Reported,Normal operations,1,0.7458
1413,Rapeseed & Mustard,All States,21,Active Growth,None Reported,None Reported,Normal operations,1,0.8853
1414,Rapeseed & Mustard,Andhra Pradesh,17,Active Growth,None Reported,None Reported,Normal operations,1,0.9159
1415,Rapeseed & Mustard,Chhattisgarh,17,Active Growth,None Reported,None Reported,Normal operations,1,0.9165
1416,Rapeseed & Mustard,Karnataka,17,Active Growth,None Reported,None Reported,Normal operations,2,0.9164
1417,Rapeseed & Mustard,Maharashtra,17,Active Growth,None Reported,None Reported,Normal operations,3,0.9164
1418,Rapeseed & Mustard,Odisha,17,Active Growth,None Reported,None Reported,Normal operations,1,0.9165
1419,Rapeseed & Mustard,Tamil Nadu,17,Active Growth,None Reported,None Reported,Normal operations,2,0.9167
1420,Rapeseed & Mustard,Tamil Nadu,19,Active Growth,None Reported,None Reported,Normal operations,1,0.8464
1421,Rapeseed & Mustard,Telangana,17,Active Growth,None Reported,None Reported,Normal operations,2,0.9164
1422,Rapeseed & Mustard,Telangana,19,Active Growth,None Reported,None Reported,Normal operations,1,0.9182
1423,Rice,All India,6,Progressive Area Sown,None Reported,None Reported,Normal operations,2,0.6557
1424,Rice,All India,10,Active Growth,None Reported,None Reported,Normal operations,1,0.6899
1425,Rice,All India,17,Active Growth,None Reported,None Reported,Normal operations,1,0.9377
1426,Rice,All India,18,Active Growth,None Reported,None Reported,Normal operations,2,0.6701
1427,Rice,All India,19,Active Growth,None Reported,None Reported,Normal operations,2,0.7222
1428,Rice,All India,20,Active Growth,None Reported,None Reported,Normal operations,2,0.7227
1429,Rice,All India,21,Active Growth,None Reported,None Reported,Normal operations,2,0.6705
1430,Rice,All India,22,Active Growth,None Reported,None Reported,Normal operations,2,0.6706
1431,Rice,All India,23,Active Growth,None Reported,None Reported,Normal operations,2,0.7395
1432,Rice,All India,24,Active Growth,None Reported,None Reported,Normal operations,3,0.7104
1433,Rice,All India,25,Active Growth,None Reported,None Reported,Normal operations,1,0.546
1434,Rice,All India,26,Active Growth,None Reported,None Reported,Normal operations,2,0.6081
1435,Rice,All India,27,Active Growth,None Reported,None Reported,Normal operations,1,0.6516
1436,Rice,All India,28,Active Growth,None Reported,None Reported,Normal operations,1,0.6021
1437,Rice,Andhra Pradesh,17,Active Growth,None Reported,None Reported,Normal operations,1,0.9483
1438,Rice,Andhra Pradesh,18,Active Growth,None Reported,None Reported,Normal operations,1,0.9595
1439,Rice,Andhra Pradesh,19,Active Growth,None Reported,None Reported,Normal operations,1,0.9597
1440,Rice,Andhra Pradesh,20,Active Growth,None Reported,None Reported,Normal operations,1,0.9605
1441,Rice,Andhra Pradesh,21,Active Growth,None Reported,None Reported,Normal operations,1,0.9438
1442,Rice,Andhra Pradesh,22,Active Growth,None Reported,None Reported,Normal operations,1,0.9554
1443,Rice,Kerala,17,Active Growth,None Reported,None Reported,Normal operations,1,0.9483
1444,Rice,Kerala,18,Active Growth,None Reported,None Reported,Normal operations,1,0.9595
1445,Rice,Kerala,19,Active Growth,None Reported,None Reported,Normal operations,1,0.9597
1446,Rice,Kerala,20,Active Growth,None Reported,None Reported,Normal operations,1,0.9605
1447,Rice,Kerala,21,Active Growth,None Reported,None Reported,Normal operations,1,0.9438
1448,Rice,Kerala,22,Active Growth,None Reported,None Reported,Normal operations,1,0.9554
1449,Rice,Tamil Nadu,17,Active Growth,None Reported,None Reported,Normal operations,1,0.9483
1450,Rice,Tamil Nadu,18,Active Growth,None Reported,None Reported,Normal operations,1,0.9595
1451,Rice,Tamil Nadu,19,Active Growth,None Reported,None Reported,Normal operations,1,0.9597
1452,Rice,Tamil Nadu,20,Active Growth,None Reported,None Reported,Normal operations,1,0.9605
1453,Rice,Tamil Nadu,21,Active Growth,None Reported,None Reported,Normal operations,1,0.9438
1454,Rice,Tamil Nadu,22,Active Growth,None Reported,None Reported,Normal operations,1,0.9554
1455,Rice,Telangana,17,Active Growth,None Reported,None Reported,Normal operations,1,0.9483
1456,Rice,Telangana,18,Active Growth,None Reported,None Reported,Normal operations,1,0.9595
1457,Rice,Telangana,19,Active Growth,None Reported,None Reported,Normal operations,1,0.9597
1458,Rice,Telangana,20,Active Growth,None Reported,None Reported,Normal operations,1,0.9605
1459,Rice,Telangana,21,Active Growth,None Reported,None Reported,Normal operations,1,0.9438
1460,Rice,Telangana,22,Active Growth,None Reported,None Reported,Normal operations,1,0.9554
1461,Rice,Tripura,17,Active Growth,None Reported,None Reported,Normal operations,1,0.9483
1462,Rice,Tripura,18,Active Growth,None Reported,None Reported,Normal operations,1,0.9595
1463,Rice,Tripura,19,Active Growth,None Reported,None Reported,Normal operations,1,0.9597
1464,Rice Unmilled,All India,18,Active Growth,None Reported,None Reported,Normal operations,1,0.5582
1465,Rice Unmilled,All India,19,Active Growth,None Reported,None Reported,Normal operations,1,0.5522
1466,Rice Unmilled,All India,20,Active Growth,None Reported,None Reported,Normal operations,1,0.5617
1467,Rice Unmilled,All India,21,Active Growth,None Reported,None Reported,Normal operations,1,0.5614
1468,Rice Unmilled,All India,22,Active Growth,None Reported,None Reported,Normal operations,1,0.5457
1469,Rice Unmilled,All India,23,Active Growth,None Reported,None Reported,Normal operations,1,0.5613
1470,Rice Unmilled,All India,24,Active Growth,None Reported,None Reported,Normal operations,1,0.565
1471,Rice Unmilled,All India,25,Active Growth,None Reported,None Reported,Normal operations,1,0.546
1472,Rice Unmilled,All India,26,Active Growth,None Reported,None Reported,Normal operations,1,0.5626
1473,Safflower,All India,17,Active Growth,None Reported,None Reported,Normal operations,3,0.8682
1474,Safflower,All India,18,Active Growth,None Reported,None Reported,Normal operations,1,0.8122
1475,Safflower,All India,19,Active Growth,None Reported,None Reported,Normal operations,5,0.8491
1476,Safflower,Andhra Pradesh,17,Active Growth,None Reported,None Reported,Normal operations,2,0.9123
1477,Safflower,Andhra Pradesh,19,Active Growth,None Reported,None Reported,Normal operations,1,0.9089
1478,Safflower,Bihar,17,Active Growth,None Reported,None Reported,Normal operations,2,0.8863
1479,Safflower,Bihar,19,Active Growth,None Reported,None Reported,Normal operations,1,0.9089
1480,Safflower,Chhattisgarh,17,Active Growth,None Reported,None Reported,Normal operations,1,0.9165
1481,Safflower,Karnataka,17,Active Growth,None Reported,None Reported,Normal operations,3,0.9139
1482,Safflower,Karnataka,19,Active Growth,None Reported,None Reported,Normal operations,1,0.9089
1483,Safflower,Kerala,19,Active Growth,None Reported,None Reported,Normal operations,1,0.9089
1484,Safflower,Maharashtra,17,Active Growth,None Reported,None Reported,Normal operations,3,0.9164
1485,Safflower,Odisha,17,Active Growth,None Reported,None Reported,Normal operations,1,0.9165
1486,Safflower,Odisha,19,Active Growth,None Reported,None Reported,Normal operations,1,0.9089
1487,Safflower,Tamil Nadu,17,Active Growth,None Reported,None Reported,Normal operations,3,0.9141
1488,Safflower,Tamil Nadu,19,Active Growth,None Reported,None Reported,Normal operations,2,0.8777
1489,Safflower,Telangana,17,Active Growth,None Reported,None Reported,Normal operations,3,0.9139
1490,Safflower,Telangana,18,Active Growth,None Reported,None Reported,Normal operations,1,0.9198
1491,Safflower,Telangana,19,Active Growth,None Reported,None Reported,Normal operations,2,0.9136
1492,Safflower,Telangana,20,Active Growth,None Reported,None Reported,Normal operations,1,0.9082
1493,Safflower,Telangana,21,Active Growth,None Reported,None Reported,Normal operations,1,0.9422
1494,Safflower,West Bengal,19,Active Growth,None Reported,None Reported,Normal operations,1,0.9089
1495,Sesame (Sesamum),All India,6,Active Growth,None Reported,None Reported,Normal operations,1,0.7183
1496,Sesame (Sesamum),All India,10,Active Growth,None Reported,None Reported,Normal operations,2,0.677
1497,Sesame (Sesamum),All India,20,Active Growth,None Reported,None Reported,Normal operations,1,0.9022
1498,Sesame (Sesamum),All India,23,Active Growth,None Reported,None Reported,Normal operations,1,0.9338
1499,Sesame (Sesamum),All India,25,Active Growth,None Reported,None Reported,Normal operations,2,0.9092
1500,Sesame (Sesamum),All States,22,Active Growth,None Reported,None Reported,Normal operations,1,0.7075
1501,Sesame (Sesamum),Chhattisgarh,17,Active Growth,None Reported,None Reported,Normal operations,1,0.9165
1502,Sesame (Sesamum),Maharashtra,17,Active Growth,None Reported,None Reported,Normal operations,1,0.9165
1503,Sesame (Sesamum),Odisha,17,Active Growth,None Reported,None Reported,Normal operations,1,0.9165
1504,Sesame (Sesamum),Tamil Nadu,17,Active Growth,None Reported,None Reported,Normal operations,1,0.9165
1505,Sesame (Sesamum),Tamil Nadu,19,Active Growth,None Reported,None Reported,Normal operations,1,0.8464
1506,Sesame (Sesamum),Tamil Nadu,20,Active Growth,None Reported,None Reported,Normal operations,1,0.7236
1507,Sesame (Sesamum),Tamil Nadu,21,Active Growth,None Reported,None Reported,Normal operations,1,0.9347
1508,Shree Anna Cum Coarse Cereals,All India,10,Active Growth,None Reported,None Reported,Normal operations,1,0.7151
1509,Shri Anna,Jowar,17,Active Growth,None Reported,None Reported,Normal operations,1,0.7829
1510,Shri Anna,Jowar,18,Active Growth,None Reported,None Reported,Normal operations,1,0.7934
1511,Shri Anna,Jowar,19,Active Growth,None Reported,None Reported,Normal operations,1,0.7928
1512,Shri Anna & Coarse Cereals,All India,6,Normal Rabi,None Reported,None Reported,Normal operations,1,0.6469
1513,Shri Anna & Coarse Cereals,All India,20,Active Growth,None Reported,None Reported,Normal operations,1,0.8493
1514,Shri Anna & Coarse Cereals,All India,21,Active Growth,None Reported,None Reported,Normal operations,1,0.9496
1515,Shri Anna Cum Coarse Cereals,All India,24,Active Growth,None Reported,None Reported,Normal operations,1,0.951
1516,Shri Anna Cum Coarse Cereals,All India,26,Active Growth,None Reported,None Reported,Normal operations,1,0.954
1517,Shri Anna Cum Coarse Cereals,All India,27,Active Growth,None Reported,None Reported,Normal operations,1,0.9506
1518,Shri Anna Cum Coarse Cereals,All India,28,Active Growth,None Reported,None Reported,Normal operations,1,0.951
1519,Small Millets,All India,6,Progressive Area Sown,None Reported,None Reported,Normal operations,1,0.6568
1520,Small Millets,All India,10,Active Growth,None Reported,None Reported,Normal operations,1,0.8852
1521,Small Millets,All India,24,Active Growth,None Reported,None Reported,Normal operations,1,0.8197
1522,Small Millets,All India,26,Active Growth,None Reported,None Reported,Normal operations,1,0.8336
1523,Small Millets,All India,27,Active Growth,None Reported,None Reported,Normal operations,1,0.8381
1524,Small Millets,All India,28,Active Growth,None Reported,None Reported,Normal operations,1,0.8255
1525,Sorghum (Jowar),All India,6,Progressive Area Sown,None Reported,None Reported,Normal operations,1,0.6735
1526,Sorghum (Jowar),All India,10,Active Growth,None Reported,None Reported,Normal operations,1,1.0
1527,Sorghum (Jowar),All India,24,Active Growth,None Reported,None Reported,Normal operations,1,1.0
1528,Sorghum (Jowar),All India,25,Active Growth,None Reported,None Reported,Normal operations,2,0.9431
1529,Sorghum (Jowar),All States,22,Active Growth,None Reported,None Reported,Normal operations,1,0.7255
1530,Sorghum (Jowar),Andhra Pradesh,17,Active Growth,None Reported,None Reported,Normal operations,1,0.9029
1531,Sorghum (Jowar),Andhra Pradesh,18,Active Growth,None Reported,None Reported,Normal operations,1,0.8986
1532,Sorghum (Jowar),Andhra Pradesh,19,Active Growth,None Reported,None Reported,Normal operations,1,0.8988
1533,Sorghum (Jowar),Andhra Pradesh,20,Active Growth,None Reported,None Reported,Normal operations,1,0.8989
1534,Sorghum (Jowar),Gujarat,17,Active Growth,None Reported,None Reported,Normal operations,1,0.9029
1535,Sorghum (Jowar),Gujarat,18,Active Growth,None Reported,None Reported,Normal operations,1,0.8986
1536,Sorghum (Jowar),Gujarat,19,Active Growth,None Reported,None Reported,Normal operations,1,0.8988
1537,Sorghum (Jowar),Gujarat,20,Active Growth,None Reported,None Reported,Normal operations,1,0.8989
1538,Sorghum (Jowar),Karnataka,17,Active Growth,None Reported,None Reported,Normal operations,1,0.9029
1539,Sorghum (Jowar),Karnataka,18,Active Growth,None Reported,None Reported,Normal operations,1,0.8986
1540,Sorghum (Jowar),Karnataka,19,Active Growth,None Reported,None Reported,Normal operations,1,0.8988
1541,Sorghum (Jowar),Karnataka,20,Active Growth,None Reported,None Reported,Normal operations,1,0.8989
1542,Sorghum (Jowar),Maharashtra,17,Active Growth,None Reported,None Reported,Normal operations,1,0.9029
1543,Sorghum (Jowar),Maharashtra,18,Active Growth,None Reported,None Reported,Normal operations,1,0.8986
1544,Sorghum (Jowar),Maharashtra,19,Active Growth,None Reported,None Reported,Normal operations,1,0.8988
1545,Sorghum (Jowar),Maharashtra,20,Active Growth,None Reported,None Reported,Normal operations,1,0.8989
1546,Sorghum (Jowar),Tamil Nadu,17,Active Growth,None Reported,None Reported,Normal operations,1,0.9029
1547,Sorghum (Jowar),Tamil Nadu,18,Active Growth,None Reported,None Reported,Normal operations,1,0.8986
1548,Sorghum (Jowar),Tamil Nadu,19,Active Growth,None Reported,None Reported,Normal operations,1,0.8988
1549,Sorghum (Jowar),Tamil Nadu,20,Active Growth,None Reported,None Reported,Normal operations,1,0.8989
1550,Sorghum (Jowar),Telangana,17,Active Growth,None Reported,None Reported,Normal operations,1,0.9029
1551,Sorghum (Jowar),Telangana,18,Active Growth,None Reported,None Reported,Normal operations,1,0.8986
1552,Sorghum (Jowar),Telangana,19,Active Growth,None Reported,None Reported,Normal operations,1,0.8988
1553,Sorghum (Jowar),Telangana,20,Active Growth,None Reported,None Reported,Normal operations,1,0.8989
1554,Soyabean Oil,All India,6,Active Growth,None Reported,None Reported,Normal operations,1,0.7447
1555,Soybean,All India,10,Active Growth,None Reported,None Reported,Normal operations,2,0.6406
1556,Soybean,All India,24,Active Growth,None Reported,None Reported,Normal operations,2,0.9578
1557,Soybean,All India,25,Active Growth,None Reported,None Reported,Normal operations,2,0.6773
1558,Soybean,All India,26,Active Growth,None Reported,None Reported,Normal operations,1,0.9252
1559,Soybean,All India,27,Active Growth,None Reported,None Reported,Normal operations,1,0.9227
1560,Soybean,All India,28,Active Growth,None Reported,None Reported,Normal operations,1,0.9165
1561,Sugarcane,All India,24,Active Growth,None Reported,None Reported,Normal operations,1,0.9376
1562,Sugarcane,All India,26,Active Growth,None Reported,None Reported,Normal operations,1,0.9369
1563,Sugarcane,All India,27,Active Growth,None Reported,None Reported,Normal operations,1,0.9367
1564,Sugarcane,All India,28,Active Growth,None Reported,None Reported,Normal operations,1,0.9388
1565,Summer Crops,All India,17,Active Growth,None Reported,None Reported,Normal operations,19,0.9227
1566,Summer Crops,All India,18,Active Growth,None Reported,None Reported,Normal operations,19,0.8933
1567,Summer Crops,All India,19,Active Growth,None Reported,None Reported,Normal operations,15,0.9129
1568,Summer Crops,All India,20,Active Growth,None Reported,None Reported,Normal operations,16,0.9113
1569,Summer Crops,All India,21,Active Growth,None Reported,None Reported,Normal operations,18,0.8912
1570,Summer Crops,All India,22,Active Growth,None Reported,None Reported,Normal operations,19,0.8996
1571,Sunflower,All India,10,Active Growth,None Reported,None Reported,Normal operations,6,0.7989
1572,Sunflower,All India,17,Active Growth,None Reported,None Reported,Normal operations,4,0.8067
1573,Sunflower,All India,18,Active Growth,None Reported,None Reported,Normal operations,2,0.7128
1574,Sunflower,All India,19,Active Growth,None Reported,None Reported,Normal operations,10,0.8244
1575,Sunflower,All India,20,Active Growth,None Reported,None Reported,Normal operations,1,0.6915
1576,Sunflower,All India,21,Active Growth,None Reported,None Reported,Normal operations,1,0.6703
1577,Sunflower,All India,22,Active Growth,None Reported,None Reported,Normal operations,1,0.6754
1578,Sunflower,All India,23,Active Growth,None Reported,None Reported,Normal operations,2,0.733
1579,Sunflower,All India,24,Active Growth,None Reported,None Reported,Normal operations,2,0.7927
1580,Sunflower,All India,25,Active Growth,None Reported,None Reported,Normal operations,2,0.7903
1581,Sunflower,All India,26,Active Growth,None Reported,None Reported,Normal operations,2,0.7953
1582,Sunflower,All India,27,Active Growth,None Reported,None Reported,Normal operations,1,0.9119
1583,Sunflower,All India,28,Active Growth,None Reported,None Reported,Normal operations,2,0.7836
1584,Sunflower,All States,20,Active Growth,None Reported,None Reported,Normal operations,1,0.6496
1585,Sunflower,All States,21,Active Growth,None Reported,None Reported,Normal operations,1,0.8911
1586,Sunflower,All States,22,Active Growth,None Reported,None Reported,Normal operations,1,0.6466
1587,Sunflower,Andhra Pradesh,17,Active Growth,None Reported,None Reported,Normal operations,2,0.9123
1588,Sunflower,Andhra Pradesh,18,Active Growth,None Reported,None Reported,Normal operations,1,0.8878
1589,Sunflower,Andhra Pradesh,19,Active Growth,None Reported,None Reported,Normal operations,1,0.9089
1590,Sunflower,Bihar,17,Active Growth,None Reported,None Reported,Normal operations,2,0.8863
1591,Sunflower,Bihar,18,Active Growth,None Reported,None Reported,Normal operations,1,0.8878
1592,Sunflower,Bihar,19,Active Growth,None Reported,None Reported,Normal operations,1,0.9089
1593,Sunflower,Chhattisgarh,17,Active Growth,None Reported,None Reported,Normal operations,1,0.9165
1594,Sunflower,Jharkhand,18,Active Growth,None Reported,None Reported,Normal operations,1,0.8878
1595,Sunflower,Karnataka,17,Active Growth,None Reported,None Reported,Normal operations,3,0.9139
1596,Sunflower,Karnataka,18,Active Growth,None Reported,None Reported,Normal operations,1,0.8878
1597,Sunflower,Karnataka,19,Active Growth,None Reported,None Reported,Normal operations,1,0.9089
1598,Sunflower,Kerala,19,Active Growth,None Reported,None Reported,Normal operations,1,0.9089
1599,Sunflower,Maharashtra,17,Active Growth,None Reported,None Reported,Normal operations,3,0.9164
1600,Sunflower,Odisha,17,Active Growth,None Reported,None Reported,Normal operations,1,0.9165
1601,Sunflower,Odisha,19,Active Growth,None Reported,None Reported,Normal operations,1,0.9089
1602,Sunflower,Tamil Nadu,17,Active Growth,None Reported,None Reported,Normal operations,3,0.9141
1603,Sunflower,Tamil Nadu,19,Active Growth,None Reported,None Reported,Normal operations,2,0.8777
1604,Sunflower,Tamilnadu,18,Active Growth,None Reported,None Reported,Normal operations,1,0.8878
1605,Sunflower,Telangana,17,Active Growth,None Reported,None Reported,Normal operations,3,0.9139
1606,Sunflower,Telangana,19,Active Growth,None Reported,None Reported,Normal operations,2,0.9136
1607,Sunflower,West Bengal,18,Active Growth,None Reported,None Reported,Normal operations,1,0.8878
1608,Sunflower,West Bengal,19,Active Growth,None Reported,None Reported,Normal operations,1,0.9089
1609,Tomato,All India,6,Active Growth,None Reported,None Reported,Normal operations,1,0.6214
1610,Tomato,All India,24,Active Growth,None Reported,None Reported,Normal operations,1,0.9319
1611,Tomato,All India,25,Active Growth,None Reported,None Reported,Normal operations,2,0.9117
1612,Total Crops,All India,22,Active Growth,None Reported,None Reported,Normal operations,1,0.5714
1613,Urdbean,All India,6,Progressive Area Sown,None Reported,None Reported,Normal operations,1,0.6373
1614,Urdbean,All India,17,Active Growth,None Reported,None Reported,Normal operations,1,0.8753
1615,Urdbean,All India,18,Active Growth,None Reported,None Reported,Normal operations,1,0.8779
1616,Urdbean,All India,24,Active Growth,None Reported,None Reported,Normal operations,1,0.9551
1617,Urdbean,All India,26,Active Growth,None Reported,None Reported,Normal operations,1,0.9532
1618,Urdbean,All India,27,Active Growth,None Reported,None Reported,Normal operations,1,0.9545
1619,Urdbean,All India,28,Active Growth,None Reported,None Reported,Normal operations,1,0.9527
1620,Urdbean,All States,19,Active Growth,None Reported,None Reported,Normal operations,1,0.7255
1621,Urdbean,All States,20,Active Growth,None Reported,None Reported,Normal operations,1,0.7176
1622,Urdbean,All States,21,Active Growth,None Reported,None Reported,Normal operations,1,0.8777
1623,Urdbean,All States,22,Active Growth,None Reported,None Reported,Normal operations,1,0.6615
1624,Urdbean,Andhra Pradesh,17,Active Growth,None Reported,None Reported,Normal operations,1,0.8599
1625,Urdbean,Andhra Pradesh,18,Active Growth,None Reported,None Reported,Normal operations,1,0.8619
1626,Urdbean,Chhattisgarh,17,Active Growth,None Reported,None Reported,Normal operations,1,0.8599
1627,Urdbean,Chhattisgarh,18,Active Growth,None Reported,None Reported,Normal operations,1,0.8619
1628,Urdbean,Tamil Nadu,17,Active Growth,None Reported,None Reported,Normal operations,1,0.8599
1629,Urdbean,Tamil Nadu,18,Active Growth,None Reported,None Reported,Normal operations,1,0.8619
1630,Urea,All India,6,Active Growth,None Reported,None Reported,Normal operations,1,0.5801
1631,Urea,All India,26,Active Growth,None Reported,None Reported,Normal operations,1,0.5603
1632,Wheat,All India,6,Progressive Area Sown,None Reported,None Reported,Normal operations,2,0.6704
1633,Wheat,All India,10,Active Growth,None Reported,None Reported,Normal operations,1,0.6584
1634,Wheat,All India,17,Active Growth,None Reported,None Reported,Normal operations,1,0.7599
1635,Wheat,All India,18,Active Growth,None Reported,None Reported,Normal operations,1,0.7617
1636,Wheat,All India,19,Active Growth,None Reported,None Reported,Normal operations,1,0.766
1637,Wheat,All India,20,Active Growth,None Reported,None Reported,Normal operations,1,0.7329
1638,Wheat,All India,21,Active Growth,None Reported,None Reported,Normal operations,1,0.7562
1639,Wheat,All India,22,Active Growth,None Reported,None Reported,Normal operations,1,0.7525
1640,Wheat,All India,23,Active Growth,None Reported,None Reported,Normal operations,1,0.7636
1641,Wheat,All India,24,Active Growth,None Reported,None Reported,Normal operations,2,0.8159
1642,Wheat,All India,25,Active Growth,None Reported,None Reported,Normal operations,2,0.8458
1643,Wheat,All India,26,Active Growth,None Reported,None Reported,Normal operations,1,0.7312
1644,Wheat,All India,28,Active Growth,None Reported,None Reported,Normal operations,1,0.7358
1645,Wheat,Bihar,17,Active Growth,None Reported,None Reported,Normal operations,1,0.9579
1646,Wheat,Bihar,18,Active Growth,None Reported,None Reported,Normal operations,1,0.9634
1647,Wheat,Bihar,19,Active Growth,None Reported,None Reported,Normal operations,1,0.9522
1648,Wheat,Chhattisgarh,17,Active Growth,None Reported,None Reported,Normal operations,1,0.9579
1649,Wheat,Chhattisgarh,18,Active Growth,None Reported,None Reported,Normal operations,1,0.9634
1650,Wheat,Chhattisgarh,19,Active Growth,None Reported,None Reported,Normal operations,1,0.9522
1651,Wheat,Gujarat,17,Active Growth,None Reported,None Reported,Normal operations,1,0.9579
1652,Wheat,Gujarat,18,Active Growth,None Reported,None Reported,Normal operations,1,0.9634
1653,Wheat,Gujarat,19,Active Growth,None Reported,None Reported,Normal operations,1,0.9522
1654,Wheat,Haryana,17,Active Growth,None Reported,None Reported,Normal operations,1,0.9579
1655,Wheat,Haryana,18,Active Growth,None Reported,None Reported,Normal operations,1,0.9634
1656,Wheat,Haryana,19,Active Growth,None Reported,None Reported,Normal operations,1,0.9522
1657,Wheat,Himachal Pradesh,17,Active Growth,None Reported,None Reported,Normal operations,1,0.9579
1658,Wheat,Jharkhand,19,Active Growth,None Reported,None Reported,Normal operations,1,0.9522
1659,Wheat,Karnataka,17,Active Growth,None Reported,None Reported,Normal operations,1,0.9579
1660,Wheat,Karnataka,19,Active Growth,None Reported,None Reported,Normal operations,1,0.9522
1661,Wheat,Madhya Pradesh,17,Active Growth,None Reported,None Reported,Normal operations,1,0.9579
1662,Wheat,Madhya Pradesh,19,Active Growth,None Reported,None Reported,Normal operations,1,0.9522
1663,Wheat,Maharashtra,17,Active Growth,None Reported,None Reported,Normal operations,1,0.9579
1664,Wheat,Maharashtra,19,Active Growth,None Reported,None Reported,Normal operations,1,0.9522
1665,Wheat,Punjab,17,Active Growth,None Reported,None Reported,Normal operations,1,0.9579
1666,Wheat,Punjab,18,Active Growth,None Reported,None Reported,Normal operations,1,0.9634
1667,Wheat,Punjab,20,Active Growth,None Reported,None Reported,Normal operations,1,0.9526
1668,Wheat,Punjab,21,Active Growth,None Reported,None Reported,Normal operations,1,0.9382
1669,Wheat,Punjab,22,Active Growth,None Reported,None Reported,Normal operations,1,0.9436
1670,Wheat,Rajasthan,17,Active Growth,None Reported,None Reported,Normal operations,1,0.9579
1671,Wheat,Rajasthan,18,Active Growth,None Reported,None Reported,Normal operations,1,0.9634
1672,Wheat,Rajasthan,19,Active Growth,None Reported,None Reported,Normal operations,1,0.9522
1673,Wheat,Uttar Pradesh,17,Active Growth,None Reported,None Reported,Normal operations,1,0.9579
1674,Wheat,Uttar Pradesh,18,Active Growth,None Reported,None Reported,Normal operations,1,0.9634
1675,Wheat,Uttar Pradesh,20,Active Growth,None Reported,None Reported,Normal operations,1,0.9526
1676,Wheat,Uttar Pradesh,21,Active Growth,None Reported,None Reported,Normal operations,1,0.9382
1677,Wheat,Uttar Pradesh,22,Active Growth,None Reported,None Reported,Normal operations,1,0.9436
1678,Wheat,Uttarakhand,19,Active Growth,None Reported,None Reported,Normal operations,1,0.9522
1679,Wheat,West Bengal,17,Active Growth,None Reported,None Reported,Normal operations,1,0.9579
1680,Wheat,West Bengal,18,Active Growth,None Reported,None Reported,Normal operations,1,0.9634
1681,Wheat,West Bengal,19,Active Growth,None Reported,None Reported,Normal operations,1,0.9522
1682,Wheat Arhar,All India,6,Active Growth,None Reported,None Reported,Normal operations,1,0.604
1683,Wheat Maize,Arunachal Pradesh,27,Active Growth,None Reported,None Reported,Normal operations,1,0.6756
